Ngày,ID Từ Khóa,Từ Khóa,Vị Trí GSC,Impressions,Clicks,CTR %,URL Xếp Hạng,Search Feature
21/07/2026,1,mô hình quy hoạch,18.2,292,22,7.53%,https://mohinhkientruc.org/danh-muc-du-an/mo-hinh-quy-hoach/,🖼️ Image Pack
21/07/2026,2,mô hình kiến trúc,11.7,596,39,6.54%,https://mohinhkientruc.org/mo-hinh-kien-truc/,🌟 Featured Snippet
21/07/2026,3,mô hình cao tầng,21.7,140,7,5.00%,https://mohinhkientruc.org/sa-ban-cao-tang/,📌 Local Map Pack
21/07/2026,4,mô hình nhà máy,24.7,152,9,5.92%,https://mohinhkientruc.org/mo-hinh-nha-may/,❓ People Also Ask
21/07/2026,5,mô hình thiết bị,27.7,76,2,2.63%,https://mohinhkientruc.org/mo-hinh-3d/,🔗 Organic Sitelinks
21/07/2026,6,mô hình trường học,23.7,98,5,5.10%,https://mohinhkientruc.org/lam-sa-ban-truong-hoc/,🖼️ Image Pack
21/07/2026,7,mô hình bệnh viện,25.7,67,2,2.99%,https://mohinhkientruc.org/mo-hinh-tod-sa-ban/,🌟 Featured Snippet
21/07/2026,8,sa bàn quy hoạch,19.7,249,17,6.83%,https://mohinhkientruc.org/dich-vu-lam-sa-ban-quy-hoach/,🌟 Featured Snippet
21/07/2026,9,sa bàn kiến trúc,15.7,346,22,6.36%,https://mohinhkientruc.org/sa-ban-kien-truc/,📌 Local Map Pack
21/07/2026,10,sa bàn cao tầng,20.7,127,6,4.72%,https://mohinhkientruc.org/sa-ban-cao-tang/,❓ People Also Ask
21/07/2026,11,sa bàn nhà máy,22.7,131,7,5.34%,https://mohinhkientruc.org/thi-cong-sa-ban-nha-may-khu-cong-nghiep/,🖼️ Image Pack
21/07/2026,12,sa bàn thiết bị,28.7,56,2,3.57%,https://mohinhkientruc.org/sa-ban-noi-that/,🔗 Organic Sitelinks
21/07/2026,13,sa bàn trường học,24.7,80,3,3.75%,https://mohinhkientruc.org/lam-sa-ban-truong-hoc/,🖼️ Image Pack
21/07/2026,14,sa bàn bệnh viện,26.7,71,3,4.23%,https://mohinhkientruc.org/du-an-noi-bat/,📌 Local Map Pack
21/07/2026,15,vận chuyển mô hình,24.2,112,6,5.36%,https://mohinhkientruc.org/van-chuyen-sa-ban-kien-truc/,📌 Local Map Pack
21/07/2026,16,vận chuyển sa bàn,24.7,101,5,4.95%,https://mohinhkientruc.org/van-chuyen-sa-ban-kien-truc/,🖼️ Image Pack
21/07/2026,17,sửa chữa mô hình,21.7,134,8,5.97%,https://mohinhkientruc.org/sua-chua-mo-hinh-kien-truc/,❓ People Also Ask
21/07/2026,18,sửa chữa sa bàn,22.7,123,7,5.69%,https://mohinhkientruc.org/sua-chua-mo-hinh-kien-truc/,🌟 Featured Snippet
21/07/2026,19,công ty mô hình kiến trúc,10.2,552,40,7.25%,https://mohinhkientruc.org/cong-ty-lam-mo-hinh/,📌 Local Map Pack
21/07/2026,20,công ty sa bàn kiến trúc,11.7,438,30,6.85%,https://mohinhkientruc.org/,🌟 Featured Snippet
21/07/2026,21,làm mô hình,17.2,286,19,6.64%,https://mohinhkientruc.org/lam-mo-hinh-kien-truc/,🖼️ Image Pack
21/07/2026,22,làm sa bàn,18.2,257,16,6.23%,https://mohinhkientruc.org/lam-sa-ban/,🔗 Organic Sitelinks
22/07/2026,1,mô hình quy hoạch,18.3,295,22,7.46%,https://mohinhkientruc.org/danh-muc-du-an/mo-hinh-quy-hoach/,🖼️ Image Pack
22/07/2026,2,mô hình kiến trúc,11.9,597,39,6.53%,https://mohinhkientruc.org/mo-hinh-kien-truc/,🌟 Featured Snippet
22/07/2026,3,mô hình cao tầng,21.7,143,7,4.90%,https://mohinhkientruc.org/sa-ban-cao-tang/,📌 Local Map Pack
22/07/2026,4,mô hình nhà máy,24.7,155,9,5.81%,https://mohinhkientruc.org/mo-hinh-nha-may/,❓ People Also Ask
22/07/2026,5,mô hình thiết bị,27.8,79,3,3.80%,https://mohinhkientruc.org/mo-hinh-3d/,🔗 Organic Sitelinks
22/07/2026,6,mô hình trường học,23.8,100,5,5.00%,https://mohinhkientruc.org/lam-sa-ban-truong-hoc/,🖼️ Image Pack
22/07/2026,7,mô hình bệnh viện,25.7,70,2,2.86%,https://mohinhkientruc.org/mo-hinh-tod-sa-ban/,🌟 Featured Snippet
22/07/2026,8,sa bàn quy hoạch,19.8,252,18,7.14%,https://mohinhkientruc.org/dich-vu-lam-sa-ban-quy-hoach/,🌟 Featured Snippet
22/07/2026,9,sa bàn kiến trúc,15.8,349,22,6.30%,https://mohinhkientruc.org/sa-ban-kien-truc/,📌 Local Map Pack
22/07/2026,10,sa bàn cao tầng,20.7,130,6,4.62%,https://mohinhkientruc.org/sa-ban-cao-tang/,❓ People Also Ask
22/07/2026,11,sa bàn nhà máy,22.8,134,7,5.22%,https://mohinhkientruc.org/thi-cong-sa-ban-nha-may-khu-cong-nghiep/,🖼️ Image Pack
22/07/2026,12,sa bàn thiết bị,28.7,59,2,3.39%,https://mohinhkientruc.org/sa-ban-noi-that/,🔗 Organic Sitelinks
22/07/2026,13,sa bàn trường học,24.8,83,3,3.61%,https://mohinhkientruc.org/lam-sa-ban-truong-hoc/,🖼️ Image Pack
22/07/2026,14,sa bàn bệnh viện,26.7,74,3,4.05%,https://mohinhkientruc.org/du-an-noi-bat/,📌 Local Map Pack
22/07/2026,15,vận chuyển mô hình,24.3,115,6,5.22%,https://mohinhkientruc.org/van-chuyen-sa-ban-kien-truc/,📌 Local Map Pack
22/07/2026,16,vận chuyển sa bàn,24.8,104,5,4.81%,https://mohinhkientruc.org/van-chuyen-sa-ban-kien-truc/,🖼️ Image Pack
22/07/2026,17,sửa chữa mô hình,21.8,136,8,5.88%,https://mohinhkientruc.org/sua-chua-mo-hinh-kien-truc/,❓ People Also Ask
22/07/2026,18,sửa chữa sa bàn,22.8,126,7,5.56%,https://mohinhkientruc.org/sua-chua-mo-hinh-kien-truc/,🌟 Featured Snippet
22/07/2026,19,công ty mô hình kiến trúc,10.4,553,40,7.23%,https://mohinhkientruc.org/cong-ty-lam-mo-hinh/,📌 Local Map Pack
22/07/2026,20,công ty sa bàn kiến trúc,11.9,440,30,6.82%,https://mohinhkientruc.org/,🌟 Featured Snippet
22/07/2026,21,làm mô hình,17.3,289,19,6.57%,https://mohinhkientruc.org/lam-mo-hinh-kien-truc/,🖼️ Image Pack
22/07/2026,22,làm sa bàn,18.3,259,16,6.18%,https://mohinhkientruc.org/lam-sa-ban/,🔗 Organic Sitelinks
23/07/2026,1,mô hình quy hoạch,18.3,298,22,7.38%,https://mohinhkientruc.org/danh-muc-du-an/mo-hinh-quy-hoach/,🖼️ Image Pack
23/07/2026,2,mô hình kiến trúc,12.0,599,39,6.51%,https://mohinhkientruc.org/mo-hinh-kien-truc/,🌟 Featured Snippet
23/07/2026,3,mô hình cao tầng,21.7,146,8,5.48%,https://mohinhkientruc.org/sa-ban-cao-tang/,📌 Local Map Pack
23/07/2026,4,mô hình nhà máy,24.6,158,9,5.70%,https://mohinhkientruc.org/mo-hinh-nha-may/,❓ People Also Ask
23/07/2026,5,mô hình thiết bị,27.9,82,3,3.66%,https://mohinhkientruc.org/mo-hinh-3d/,🔗 Organic Sitelinks
23/07/2026,6,mô hình trường học,23.9,103,5,4.85%,https://mohinhkientruc.org/lam-sa-ban-truong-hoc/,🖼️ Image Pack
23/07/2026,7,mô hình bệnh viện,25.8,72,2,2.78%,https://mohinhkientruc.org/mo-hinh-tod-sa-ban/,🌟 Featured Snippet
23/07/2026,8,sa bàn quy hoạch,19.9,254,18,7.09%,https://mohinhkientruc.org/dich-vu-lam-sa-ban-quy-hoach/,🌟 Featured Snippet
23/07/2026,9,sa bàn kiến trúc,15.9,351,22,6.27%,https://mohinhkientruc.org/sa-ban-kien-truc/,📌 Local Map Pack
23/07/2026,10,sa bàn cao tầng,20.7,133,7,5.26%,https://mohinhkientruc.org/sa-ban-cao-tang/,❓ People Also Ask
23/07/2026,11,sa bàn nhà máy,22.9,137,7,5.11%,https://mohinhkientruc.org/thi-cong-sa-ban-nha-may-khu-cong-nghiep/,🖼️ Image Pack
23/07/2026,12,sa bàn thiết bị,28.7,62,2,3.23%,https://mohinhkientruc.org/sa-ban-noi-that/,🔗 Organic Sitelinks
23/07/2026,13,sa bàn trường học,24.9,86,4,4.65%,https://mohinhkientruc.org/lam-sa-ban-truong-hoc/,🖼️ Image Pack
23/07/2026,14,sa bàn bệnh viện,26.8,77,3,3.90%,https://mohinhkientruc.org/du-an-noi-bat/,📌 Local Map Pack
23/07/2026,15,vận chuyển mô hình,24.4,117,6,5.13%,https://mohinhkientruc.org/van-chuyen-sa-ban-kien-truc/,📌 Local Map Pack
23/07/2026,16,vận chuyển sa bàn,24.9,107,5,4.67%,https://mohinhkientruc.org/van-chuyen-sa-ban-kien-truc/,🖼️ Image Pack
23/07/2026,17,sửa chữa mô hình,21.9,139,8,5.76%,https://mohinhkientruc.org/sua-chua-mo-hinh-kien-truc/,❓ People Also Ask
23/07/2026,18,sửa chữa sa bàn,22.9,129,7,5.43%,https://mohinhkientruc.org/sua-chua-mo-hinh-kien-truc/,🌟 Featured Snippet
23/07/2026,19,công ty mô hình kiến trúc,10.5,555,40,7.21%,https://mohinhkientruc.org/cong-ty-lam-mo-hinh/,📌 Local Map Pack
23/07/2026,20,công ty sa bàn kiến trúc,12.0,442,30,6.79%,https://mohinhkientruc.org/,🌟 Featured Snippet
23/07/2026,21,làm mô hình,17.4,291,19,6.53%,https://mohinhkientruc.org/lam-mo-hinh-kien-truc/,🖼️ Image Pack
23/07/2026,22,làm sa bàn,18.5,261,16,6.13%,https://mohinhkientruc.org/lam-sa-ban/,🔗 Organic Sitelinks
24/07/2026,1,mô hình quy hoạch,17.5,305,23,7.54%,https://mohinhkientruc.org/danh-muc-du-an/mo-hinh-quy-hoach/,🖼️ Image Pack
24/07/2026,2,mô hình kiến trúc,11.3,609,39,6.40%,https://mohinhkientruc.org/mo-hinh-kien-truc/,🌟 Featured Snippet
24/07/2026,3,mô hình cao tầng,20.8,152,8,5.26%,https://mohinhkientruc.org/sa-ban-cao-tang/,📌 Local Map Pack
24/07/2026,4,mô hình nhà máy,23.7,165,10,6.06%,https://mohinhkientruc.org/mo-hinh-nha-may/,❓ People Also Ask
24/07/2026,5,mô hình thiết bị,27.0,87,3,3.45%,https://mohinhkientruc.org/mo-hinh-3d/,🔗 Organic Sitelinks
24/07/2026,6,mô hình trường học,23.0,108,5,4.63%,https://mohinhkientruc.org/lam-sa-ban-truong-hoc/,🖼️ Image Pack
24/07/2026,7,mô hình bệnh viện,24.9,77,3,3.90%,https://mohinhkientruc.org/mo-hinh-tod-sa-ban/,🌟 Featured Snippet
24/07/2026,8,sa bàn quy hoạch,19.1,261,18,6.90%,https://mohinhkientruc.org/dich-vu-lam-sa-ban-quy-hoach/,🌟 Featured Snippet
24/07/2026,9,sa bàn kiến trúc,15.0,360,23,6.39%,https://mohinhkientruc.org/sa-ban-kien-truc/,📌 Local Map Pack
24/07/2026,10,sa bàn cao tầng,19.8,138,7,5.07%,https://mohinhkientruc.org/sa-ban-cao-tang/,❓ People Also Ask
24/07/2026,11,sa bàn nhà máy,22.0,143,7,4.90%,https://mohinhkientruc.org/thi-cong-sa-ban-nha-may-khu-cong-nghiep/,🖼️ Image Pack
24/07/2026,12,sa bàn thiết bị,27.8,67,2,2.99%,https://mohinhkientruc.org/sa-ban-noi-that/,🔗 Organic Sitelinks
24/07/2026,13,sa bàn trường học,24.0,91,4,4.40%,https://mohinhkientruc.org/lam-sa-ban-truong-hoc/,🖼️ Image Pack
24/07/2026,14,sa bàn bệnh viện,25.9,82,3,3.66%,https://mohinhkientruc.org/du-an-noi-bat/,📌 Local Map Pack
24/07/2026,15,vận chuyển mô hình,23.5,123,6,4.88%,https://mohinhkientruc.org/van-chuyen-sa-ban-kien-truc/,📌 Local Map Pack
24/07/2026,16,vận chuyển sa bàn,24.1,112,5,4.46%,https://mohinhkientruc.org/van-chuyen-sa-ban-kien-truc/,🖼️ Image Pack
24/07/2026,17,sửa chữa mô hình,21.1,144,8,5.56%,https://mohinhkientruc.org/sua-chua-mo-hinh-kien-truc/,❓ People Also Ask
24/07/2026,18,sửa chữa sa bàn,22.0,134,7,5.22%,https://mohinhkientruc.org/sua-chua-mo-hinh-kien-truc/,🌟 Featured Snippet
24/07/2026,19,công ty mô hình kiến trúc,9.8,564,41,7.27%,https://mohinhkientruc.org/cong-ty-lam-mo-hinh/,📌 Local Map Pack
24/07/2026,20,công ty sa bàn kiến trúc,11.3,450,31,6.89%,https://mohinhkientruc.org/,🌟 Featured Snippet
24/07/2026,21,làm mô hình,16.6,298,20,6.71%,https://mohinhkientruc.org/lam-mo-hinh-kien-truc/,🖼️ Image Pack
24/07/2026,22,làm sa bàn,17.7,268,17,6.34%,https://mohinhkientruc.org/lam-sa-ban/,🔗 Organic Sitelinks
25/07/2026,1,mô hình quy hoạch,17.5,308,23,7.47%,https://mohinhkientruc.org/danh-muc-du-an/mo-hinh-quy-hoach/,🖼️ Image Pack
25/07/2026,2,mô hình kiến trúc,11.4,611,40,6.55%,https://mohinhkientruc.org/mo-hinh-kien-truc/,🌟 Featured Snippet
25/07/2026,3,mô hình cao tầng,20.8,155,8,5.16%,https://mohinhkientruc.org/sa-ban-cao-tang/,📌 Local Map Pack
25/07/2026,4,mô hình nhà máy,23.7,168,10,5.95%,https://mohinhkientruc.org/mo-hinh-nha-may/,❓ People Also Ask
25/07/2026,5,mô hình thiết bị,27.1,90,3,3.33%,https://mohinhkientruc.org/mo-hinh-3d/,🔗 Organic Sitelinks
25/07/2026,6,mô hình trường học,23.1,111,5,4.50%,https://mohinhkientruc.org/lam-sa-ban-truong-hoc/,🖼️ Image Pack
25/07/2026,7,mô hình bệnh viện,25.0,80,3,3.75%,https://mohinhkientruc.org/mo-hinh-tod-sa-ban/,🌟 Featured Snippet
25/07/2026,8,sa bàn quy hoạch,19.3,263,18,6.84%,https://mohinhkientruc.org/dich-vu-lam-sa-ban-quy-hoach/,🌟 Featured Snippet
25/07/2026,9,sa bàn kiến trúc,15.1,362,23,6.35%,https://mohinhkientruc.org/sa-ban-kien-truc/,📌 Local Map Pack
25/07/2026,10,sa bàn cao tầng,19.8,141,7,4.96%,https://mohinhkientruc.org/sa-ban-cao-tang/,❓ People Also Ask
25/07/2026,11,sa bàn nhà máy,22.1,145,8,5.52%,https://mohinhkientruc.org/thi-cong-sa-ban-nha-may-khu-cong-nghiep/,🖼️ Image Pack
25/07/2026,12,sa bàn thiết bị,27.8,70,2,2.86%,https://mohinhkientruc.org/sa-ban-noi-that/,🔗 Organic Sitelinks
25/07/2026,13,sa bàn trường học,24.1,93,4,4.30%,https://mohinhkientruc.org/lam-sa-ban-truong-hoc/,🖼️ Image Pack
25/07/2026,14,sa bàn bệnh viện,26.0,84,3,3.57%,https://mohinhkientruc.org/du-an-noi-bat/,📌 Local Map Pack
25/07/2026,15,vận chuyển mô hình,23.6,125,6,4.80%,https://mohinhkientruc.org/van-chuyen-sa-ban-kien-truc/,📌 Local Map Pack
25/07/2026,16,vận chuyển sa bàn,24.1,115,5,4.35%,https://mohinhkientruc.org/van-chuyen-sa-ban-kien-truc/,🖼️ Image Pack
25/07/2026,17,sửa chữa mô hình,21.2,147,9,6.12%,https://mohinhkientruc.org/sua-chua-mo-hinh-kien-truc/,❓ People Also Ask
25/07/2026,18,sửa chữa sa bàn,22.1,137,8,5.84%,https://mohinhkientruc.org/sua-chua-mo-hinh-kien-truc/,🌟 Featured Snippet
25/07/2026,19,công ty mô hình kiến trúc,9.9,566,41,7.24%,https://mohinhkientruc.org/cong-ty-lam-mo-hinh/,📌 Local Map Pack
25/07/2026,20,công ty sa bàn kiến trúc,11.4,452,31,6.86%,https://mohinhkientruc.org/,🌟 Featured Snippet
25/07/2026,21,làm mô hình,16.8,300,20,6.67%,https://mohinhkientruc.org/lam-mo-hinh-kien-truc/,🖼️ Image Pack
25/07/2026,22,làm sa bàn,17.8,271,17,6.27%,https://mohinhkientruc.org/lam-sa-ban/,🔗 Organic Sitelinks
26/07/2026,1,mô hình quy hoạch,17.6,296,22,7.43%,https://mohinhkientruc.org/danh-muc-du-an/mo-hinh-quy-hoach/,🖼️ Image Pack
26/07/2026,2,mô hình kiến trúc,11.6,597,39,6.53%,https://mohinhkientruc.org/mo-hinh-kien-truc/,🌟 Featured Snippet
26/07/2026,3,mô hình cao tầng,20.8,143,7,4.90%,https://mohinhkientruc.org/sa-ban-cao-tang/,📌 Local Map Pack
26/07/2026,4,mô hình nhà máy,23.6,156,9,5.77%,https://mohinhkientruc.org/mo-hinh-nha-may/,❓ People Also Ask
26/07/2026,5,mô hình thiết bị,27.2,77,3,3.90%,https://mohinhkientruc.org/mo-hinh-3d/,🔗 Organic Sitelinks
26/07/2026,6,mô hình trường học,23.2,99,5,5.05%,https://mohinhkientruc.org/lam-sa-ban-truong-hoc/,🖼️ Image Pack
26/07/2026,7,mô hình bệnh viện,25.0,68,2,2.94%,https://mohinhkientruc.org/mo-hinh-tod-sa-ban/,🌟 Featured Snippet
26/07/2026,8,sa bàn quy hoạch,19.4,251,17,6.77%,https://mohinhkientruc.org/dich-vu-lam-sa-ban-quy-hoach/,🌟 Featured Snippet
26/07/2026,9,sa bàn kiến trúc,15.2,350,22,6.29%,https://mohinhkientruc.org/sa-ban-kien-truc/,📌 Local Map Pack
26/07/2026,10,sa bàn cao tầng,19.8,129,6,4.65%,https://mohinhkientruc.org/sa-ban-cao-tang/,❓ People Also Ask
26/07/2026,11,sa bàn nhà máy,22.2,133,7,5.26%,https://mohinhkientruc.org/thi-cong-sa-ban-nha-may-khu-cong-nghiep/,🖼️ Image Pack
26/07/2026,12,sa bàn thiết bị,27.8,58,2,3.45%,https://mohinhkientruc.org/sa-ban-noi-that/,🔗 Organic Sitelinks
26/07/2026,13,sa bàn trường học,24.2,81,3,3.70%,https://mohinhkientruc.org/lam-sa-ban-truong-hoc/,🖼️ Image Pack
26/07/2026,14,sa bàn bệnh viện,26.0,72,3,4.17%,https://mohinhkientruc.org/du-an-noi-bat/,📌 Local Map Pack
26/07/2026,15,vận chuyển mô hình,23.7,113,6,5.31%,https://mohinhkientruc.org/van-chuyen-sa-ban-kien-truc/,📌 Local Map Pack
26/07/2026,16,vận chuyển sa bàn,24.2,102,5,4.90%,https://mohinhkientruc.org/van-chuyen-sa-ban-kien-truc/,🖼️ Image Pack
26/07/2026,17,sửa chữa mô hình,21.3,135,8,5.93%,https://mohinhkientruc.org/sua-chua-mo-hinh-kien-truc/,❓ People Also Ask
26/07/2026,18,sửa chữa sa bàn,22.2,125,7,5.60%,https://mohinhkientruc.org/sua-chua-mo-hinh-kien-truc/,🌟 Featured Snippet
26/07/2026,19,công ty mô hình kiến trúc,10.1,553,40,7.23%,https://mohinhkientruc.org/cong-ty-lam-mo-hinh/,📌 Local Map Pack
26/07/2026,20,công ty sa bàn kiến trúc,11.6,439,30,6.83%,https://mohinhkientruc.org/,🌟 Featured Snippet
26/07/2026,21,làm mô hình,16.9,288,19,6.60%,https://mohinhkientruc.org/lam-mo-hinh-kien-truc/,🖼️ Image Pack
26/07/2026,22,làm sa bàn,17.9,258,16,6.20%,https://mohinhkientruc.org/lam-sa-ban/,🔗 Organic Sitelinks
27/07/2026,1,mô hình quy hoạch,16.8,303,23,7.59%,https://mohinhkientruc.org/danh-muc-du-an/mo-hinh-quy-hoach/,🖼️ Image Pack
27/07/2026,2,mô hình kiến trúc,10.8,608,39,6.41%,https://mohinhkientruc.org/mo-hinh-kien-truc/,🌟 Featured Snippet
27/07/2026,3,mô hình cao tầng,19.9,149,8,5.37%,https://mohinhkientruc.org/sa-ban-cao-tang/,📌 Local Map Pack
27/07/2026,4,mô hình nhà máy,22.7,162,9,5.56%,https://mohinhkientruc.org/mo-hinh-nha-may/,❓ People Also Ask
27/07/2026,5,mô hình thiết bị,26.4,82,3,3.66%,https://mohinhkientruc.org/mo-hinh-3d/,🔗 Organic Sitelinks
27/07/2026,6,mô hình trường học,22.4,104,5,4.81%,https://mohinhkientruc.org/lam-sa-ban-truong-hoc/,🖼️ Image Pack
27/07/2026,7,mô hình bệnh viện,24.1,72,2,2.78%,https://mohinhkientruc.org/mo-hinh-tod-sa-ban/,🌟 Featured Snippet
27/07/2026,8,sa bàn quy hoạch,18.6,258,18,6.98%,https://mohinhkientruc.org/dich-vu-lam-sa-ban-quy-hoach/,🌟 Featured Snippet
27/07/2026,9,sa bàn kiến trúc,14.4,358,23,6.42%,https://mohinhkientruc.org/sa-ban-kien-truc/,📌 Local Map Pack
27/07/2026,10,sa bàn cao tầng,18.9,135,7,5.19%,https://mohinhkientruc.org/sa-ban-cao-tang/,❓ People Also Ask
27/07/2026,11,sa bàn nhà máy,21.4,138,7,5.07%,https://mohinhkientruc.org/thi-cong-sa-ban-nha-may-khu-cong-nghiep/,🖼️ Image Pack
27/07/2026,12,sa bàn thiết bị,26.9,62,2,3.23%,https://mohinhkientruc.org/sa-ban-noi-that/,🔗 Organic Sitelinks
27/07/2026,13,sa bàn trường học,23.4,86,4,4.65%,https://mohinhkientruc.org/lam-sa-ban-truong-hoc/,🖼️ Image Pack
27/07/2026,14,sa bàn bệnh viện,25.1,77,3,3.90%,https://mohinhkientruc.org/du-an-noi-bat/,📌 Local Map Pack
27/07/2026,15,vận chuyển mô hình,22.9,118,6,5.08%,https://mohinhkientruc.org/van-chuyen-sa-ban-kien-truc/,📌 Local Map Pack
27/07/2026,16,vận chuyển sa bàn,23.4,107,5,4.67%,https://mohinhkientruc.org/van-chuyen-sa-ban-kien-truc/,🖼️ Image Pack
27/07/2026,17,sửa chữa mô hình,20.5,140,8,5.71%,https://mohinhkientruc.org/sua-chua-mo-hinh-kien-truc/,❓ People Also Ask
27/07/2026,18,sửa chữa sa bàn,21.4,130,7,5.38%,https://mohinhkientruc.org/sua-chua-mo-hinh-kien-truc/,🌟 Featured Snippet
27/07/2026,19,công ty mô hình kiến trúc,9.3,563,41,7.28%,https://mohinhkientruc.org/cong-ty-lam-mo-hinh/,📌 Local Map Pack
27/07/2026,20,công ty sa bàn kiến trúc,10.9,447,31,6.94%,https://mohinhkientruc.org/,🌟 Featured Snippet
27/07/2026,21,làm mô hình,16.1,295,20,6.78%,https://mohinhkientruc.org/lam-mo-hinh-kien-truc/,🖼️ Image Pack
27/07/2026,22,làm sa bàn,17.2,265,17,6.42%,https://mohinhkientruc.org/lam-sa-ban/,🔗 Organic Sitelinks
28/07/2026,1,mô hình quy hoạch,16.8,306,23,7.52%,https://mohinhkientruc.org/danh-muc-du-an/mo-hinh-quy-hoach/,🖼️ Image Pack
28/07/2026,2,mô hình kiến trúc,11.0,609,39,6.40%,https://mohinhkientruc.org/mo-hinh-kien-truc/,🌟 Featured Snippet
28/07/2026,3,mô hình cao tầng,19.9,152,8,5.26%,https://mohinhkientruc.org/sa-ban-cao-tang/,📌 Local Map Pack
28/07/2026,4,mô hình nhà máy,22.7,165,10,6.06%,https://mohinhkientruc.org/mo-hinh-nha-may/,❓ People Also Ask
28/07/2026,5,mô hình thiết bị,26.4,85,3,3.53%,https://mohinhkientruc.org/mo-hinh-3d/,🔗 Organic Sitelinks
28/07/2026,6,mô hình trường học,22.4,107,5,4.67%,https://mohinhkientruc.org/lam-sa-ban-truong-hoc/,🖼️ Image Pack
28/07/2026,7,mô hình bệnh viện,24.2,75,3,4.00%,https://mohinhkientruc.org/mo-hinh-tod-sa-ban/,🌟 Featured Snippet
28/07/2026,8,sa bàn quy hoạch,18.7,260,18,6.92%,https://mohinhkientruc.org/dich-vu-lam-sa-ban-quy-hoach/,🌟 Featured Snippet
28/07/2026,9,sa bàn kiến trúc,14.4,361,23,6.37%,https://mohinhkientruc.org/sa-ban-kien-truc/,📌 Local Map Pack
28/07/2026,10,sa bàn cao tầng,18.9,138,7,5.07%,https://mohinhkientruc.org/sa-ban-cao-tang/,❓ People Also Ask
28/07/2026,11,sa bàn nhà máy,21.4,141,7,4.96%,https://mohinhkientruc.org/thi-cong-sa-ban-nha-may-khu-cong-nghiep/,🖼️ Image Pack
28/07/2026,12,sa bàn thiết bị,26.9,65,2,3.08%,https://mohinhkientruc.org/sa-ban-noi-that/,🔗 Organic Sitelinks
28/07/2026,13,sa bàn trường học,23.4,89,4,4.49%,https://mohinhkientruc.org/lam-sa-ban-truong-hoc/,🖼️ Image Pack
28/07/2026,14,sa bàn bệnh viện,25.2,80,3,3.75%,https://mohinhkientruc.org/du-an-noi-bat/,📌 Local Map Pack
28/07/2026,15,vận chuyển mô hình,22.9,121,6,4.96%,https://mohinhkientruc.org/van-chuyen-sa-ban-kien-truc/,📌 Local Map Pack
28/07/2026,16,vận chuyển sa bàn,23.5,110,5,4.55%,https://mohinhkientruc.org/van-chuyen-sa-ban-kien-truc/,🖼️ Image Pack
28/07/2026,17,sửa chữa mô hình,20.5,143,8,5.59%,https://mohinhkientruc.org/sua-chua-mo-hinh-kien-truc/,❓ People Also Ask
28/07/2026,18,sửa chữa sa bàn,21.5,132,7,5.30%,https://mohinhkientruc.org/sua-chua-mo-hinh-kien-truc/,🌟 Featured Snippet
28/07/2026,19,công ty mô hình kiến trúc,9.5,564,41,7.27%,https://mohinhkientruc.org/cong-ty-lam-mo-hinh/,📌 Local Map Pack
28/07/2026,20,công ty sa bàn kiến trúc,11.0,449,31,6.90%,https://mohinhkientruc.org/,🌟 Featured Snippet
28/07/2026,21,làm mô hình,16.2,298,20,6.71%,https://mohinhkientruc.org/lam-mo-hinh-kien-truc/,🖼️ Image Pack
28/07/2026,22,làm sa bàn,17.3,267,17,6.37%,https://mohinhkientruc.org/lam-sa-ban/,🔗 Organic Sitelinks
29/07/2026,1,mô hình quy hoạch,16.9,309,23,7.44%,https://mohinhkientruc.org/danh-muc-du-an/mo-hinh-quy-hoach/,🖼️ Image Pack
29/07/2026,2,mô hình kiến trúc,11.1,611,40,6.55%,https://mohinhkientruc.org/mo-hinh-kien-truc/,🌟 Featured Snippet
29/07/2026,3,mô hình cao tầng,19.9,155,8,5.16%,https://mohinhkientruc.org/sa-ban-cao-tang/,📌 Local Map Pack
29/07/2026,4,mô hình nhà máy,22.6,168,10,5.95%,https://mohinhkientruc.org/mo-hinh-nha-may/,❓ People Also Ask
29/07/2026,5,mô hình thiết bị,26.5,88,3,3.41%,https://mohinhkientruc.org/mo-hinh-3d/,🔗 Organic Sitelinks
29/07/2026,6,mô hình trường học,22.5,109,5,4.59%,https://mohinhkientruc.org/lam-sa-ban-truong-hoc/,🖼️ Image Pack
29/07/2026,7,mô hình bệnh viện,24.2,78,3,3.85%,https://mohinhkientruc.org/mo-hinh-tod-sa-ban/,🌟 Featured Snippet
29/07/2026,8,sa bàn quy hoạch,18.8,263,18,6.84%,https://mohinhkientruc.org/dich-vu-lam-sa-ban-quy-hoach/,🌟 Featured Snippet
29/07/2026,9,sa bàn kiến trúc,14.5,363,23,6.34%,https://mohinhkientruc.org/sa-ban-kien-truc/,📌 Local Map Pack
29/07/2026,10,sa bàn cao tầng,18.9,141,7,4.96%,https://mohinhkientruc.org/sa-ban-cao-tang/,❓ People Also Ask
29/07/2026,11,sa bàn nhà máy,21.5,144,7,4.86%,https://mohinhkientruc.org/thi-cong-sa-ban-nha-may-khu-cong-nghiep/,🖼️ Image Pack
29/07/2026,12,sa bàn thiết bị,26.9,68,2,2.94%,https://mohinhkientruc.org/sa-ban-noi-that/,🔗 Organic Sitelinks
29/07/2026,13,sa bàn trường học,23.5,92,4,4.35%,https://mohinhkientruc.org/lam-sa-ban-truong-hoc/,🖼️ Image Pack
29/07/2026,14,sa bàn bệnh viện,25.2,83,3,3.61%,https://mohinhkientruc.org/du-an-noi-bat/,📌 Local Map Pack
29/07/2026,15,vận chuyển mô hình,23.0,124,6,4.84%,https://mohinhkientruc.org/van-chuyen-sa-ban-kien-truc/,📌 Local Map Pack
29/07/2026,16,vận chuyển sa bàn,23.6,113,5,4.42%,https://mohinhkientruc.org/van-chuyen-sa-ban-kien-truc/,🖼️ Image Pack
29/07/2026,17,sửa chữa mô hình,20.6,146,9,6.16%,https://mohinhkientruc.org/sua-chua-mo-hinh-kien-truc/,❓ People Also Ask
29/07/2026,18,sửa chữa sa bàn,21.6,135,7,5.19%,https://mohinhkientruc.org/sua-chua-mo-hinh-kien-truc/,🌟 Featured Snippet
29/07/2026,19,công ty mô hình kiến trúc,9.6,566,41,7.24%,https://mohinhkientruc.org/cong-ty-lam-mo-hinh/,📌 Local Map Pack
29/07/2026,20,công ty sa bàn kiến trúc,11.2,451,31,6.87%,https://mohinhkientruc.org/,🌟 Featured Snippet
29/07/2026,21,làm mô hình,16.3,300,20,6.67%,https://mohinhkientruc.org/lam-mo-hinh-kien-truc/,🖼️ Image Pack
29/07/2026,22,làm sa bàn,17.4,270,17,6.30%,https://mohinhkientruc.org/lam-sa-ban/,🔗 Organic Sitelinks
30/07/2026,1,mô hình quy hoạch,16.0,317,24,7.57%,https://mohinhkientruc.org/danh-muc-du-an/mo-hinh-quy-hoach/,🖼️ Image Pack
30/07/2026,2,mô hình kiến trúc,10.4,621,40,6.44%,https://mohinhkientruc.org/mo-hinh-kien-truc/,🌟 Featured Snippet
30/07/2026,3,mô hình cao tầng,19.0,161,8,4.97%,https://mohinhkientruc.org/sa-ban-cao-tang/,📌 Local Map Pack
30/07/2026,4,mô hình nhà máy,21.7,175,10,5.71%,https://mohinhkientruc.org/mo-hinh-nha-may/,❓ People Also Ask
30/07/2026,5,mô hình thiết bị,25.7,92,3,3.26%,https://mohinhkientruc.org/mo-hinh-3d/,🔗 Organic Sitelinks
30/07/2026,6,mô hình trường học,21.7,114,6,5.26%,https://mohinhkientruc.org/lam-sa-ban-truong-hoc/,🖼️ Image Pack
30/07/2026,7,mô hình bệnh viện,23.4,82,3,3.66%,https://mohinhkientruc.org/mo-hinh-tod-sa-ban/,🌟 Featured Snippet
30/07/2026,8,sa bàn quy hoạch,18.0,270,19,7.04%,https://mohinhkientruc.org/dich-vu-lam-sa-ban-quy-hoach/,🌟 Featured Snippet
30/07/2026,9,sa bàn kiến trúc,13.7,371,23,6.20%,https://mohinhkientruc.org/sa-ban-kien-truc/,📌 Local Map Pack
30/07/2026,10,sa bàn cao tầng,18.0,146,7,4.79%,https://mohinhkientruc.org/sa-ban-cao-tang/,❓ People Also Ask
30/07/2026,11,sa bàn nhà máy,20.7,149,8,5.37%,https://mohinhkientruc.org/thi-cong-sa-ban-nha-may-khu-cong-nghiep/,🖼️ Image Pack
30/07/2026,12,sa bàn thiết bị,26.0,72,2,2.78%,https://mohinhkientruc.org/sa-ban-noi-that/,🔗 Organic Sitelinks
30/07/2026,13,sa bàn trường học,22.7,96,4,4.17%,https://mohinhkientruc.org/lam-sa-ban-truong-hoc/,🖼️ Image Pack
30/07/2026,14,sa bàn bệnh viện,24.4,87,3,3.45%,https://mohinhkientruc.org/du-an-noi-bat/,📌 Local Map Pack
30/07/2026,15,vận chuyển mô hình,22.2,129,7,5.43%,https://mohinhkientruc.org/van-chuyen-sa-ban-kien-truc/,📌 Local Map Pack
30/07/2026,16,vận chuyển sa bàn,22.8,118,5,4.24%,https://mohinhkientruc.org/van-chuyen-sa-ban-kien-truc/,🖼️ Image Pack
30/07/2026,17,sửa chữa mô hình,19.8,151,9,5.96%,https://mohinhkientruc.org/sua-chua-mo-hinh-kien-truc/,❓ People Also Ask
30/07/2026,18,sửa chữa sa bàn,20.7,141,8,5.67%,https://mohinhkientruc.org/sua-chua-mo-hinh-kien-truc/,🌟 Featured Snippet
30/07/2026,19,công ty mô hình kiến trúc,8.9,576,41,7.12%,https://mohinhkientruc.org/cong-ty-lam-mo-hinh/,📌 Local Map Pack
30/07/2026,20,công ty sa bàn kiến trúc,10.4,460,32,6.96%,https://mohinhkientruc.org/,🌟 Featured Snippet
30/07/2026,21,làm mô hình,15.5,308,20,6.49%,https://mohinhkientruc.org/lam-mo-hinh-kien-truc/,🖼️ Image Pack
30/07/2026,22,làm sa bàn,16.6,277,17,6.14%,https://mohinhkientruc.org/lam-sa-ban/,🔗 Organic Sitelinks
31/07/2026,1,mô hình quy hoạch,16.1,304,23,7.57%,https://mohinhkientruc.org/danh-muc-du-an/mo-hinh-quy-hoach/,🖼️ Image Pack
31/07/2026,2,mô hình kiến trúc,10.5,608,39,6.41%,https://mohinhkientruc.org/mo-hinh-kien-truc/,🌟 Featured Snippet
31/07/2026,3,mô hình cao tầng,19.0,149,8,5.37%,https://mohinhkientruc.org/sa-ban-cao-tang/,📌 Local Map Pack
31/07/2026,4,mô hình nhà máy,21.7,163,9,5.52%,https://mohinhkientruc.org/mo-hinh-nha-may/,❓ People Also Ask
31/07/2026,5,mô hình thiết bị,25.8,80,3,3.75%,https://mohinhkientruc.org/mo-hinh-3d/,🔗 Organic Sitelinks
31/07/2026,6,mô hình trường học,21.8,102,5,4.90%,https://mohinhkientruc.org/lam-sa-ban-truong-hoc/,🖼️ Image Pack
31/07/2026,7,mô hình bệnh viện,23.4,70,2,2.86%,https://mohinhkientruc.org/mo-hinh-tod-sa-ban/,🌟 Featured Snippet
31/07/2026,8,sa bàn quy hoạch,18.1,257,18,7.00%,https://mohinhkientruc.org/dich-vu-lam-sa-ban-quy-hoach/,🌟 Featured Snippet
31/07/2026,9,sa bàn kiến trúc,13.8,359,23,6.41%,https://mohinhkientruc.org/sa-ban-kien-truc/,📌 Local Map Pack
31/07/2026,10,sa bàn cao tầng,18.0,134,7,5.22%,https://mohinhkientruc.org/sa-ban-cao-tang/,❓ People Also Ask
31/07/2026,11,sa bàn nhà máy,20.8,137,7,5.11%,https://mohinhkientruc.org/thi-cong-sa-ban-nha-may-khu-cong-nghiep/,🖼️ Image Pack
31/07/2026,12,sa bàn thiết bị,26.0,60,2,3.33%,https://mohinhkientruc.org/sa-ban-noi-that/,🔗 Organic Sitelinks
31/07/2026,13,sa bàn trường học,22.8,84,3,3.57%,https://mohinhkientruc.org/lam-sa-ban-truong-hoc/,🖼️ Image Pack
31/07/2026,14,sa bàn bệnh viện,24.4,75,3,4.00%,https://mohinhkientruc.org/du-an-noi-bat/,📌 Local Map Pack
31/07/2026,15,vận chuyển mô hình,22.3,117,6,5.13%,https://mohinhkientruc.org/van-chuyen-sa-ban-kien-truc/,📌 Local Map Pack
31/07/2026,16,vận chuyển sa bàn,22.9,105,5,4.76%,https://mohinhkientruc.org/van-chuyen-sa-ban-kien-truc/,🖼️ Image Pack
31/07/2026,17,sửa chữa mô hình,19.9,139,8,5.76%,https://mohinhkientruc.org/sua-chua-mo-hinh-kien-truc/,❓ People Also Ask
31/07/2026,18,sửa chữa sa bàn,20.8,128,7,5.47%,https://mohinhkientruc.org/sua-chua-mo-hinh-kien-truc/,🌟 Featured Snippet
31/07/2026,19,công ty mô hình kiến trúc,9.0,563,41,7.28%,https://mohinhkientruc.org/cong-ty-lam-mo-hinh/,📌 Local Map Pack
31/07/2026,20,công ty sa bàn kiến trúc,10.6,446,31,6.95%,https://mohinhkientruc.org/,🌟 Featured Snippet
31/07/2026,21,làm mô hình,15.6,295,20,6.78%,https://mohinhkientruc.org/lam-mo-hinh-kien-truc/,🖼️ Image Pack
31/07/2026,22,làm sa bàn,16.8,264,16,6.06%,https://mohinhkientruc.org/lam-sa-ban/,🔗 Organic Sitelinks
01/08/2026,1,mô hình quy hoạch,16.2,307,23,7.49%,https://mohinhkientruc.org/danh-muc-du-an/mo-hinh-quy-hoach/,🖼️ Image Pack
01/08/2026,2,mô hình kiến trúc,10.7,609,39,6.40%,https://mohinhkientruc.org/mo-hinh-kien-truc/,🌟 Featured Snippet
01/08/2026,3,mô hình cao tầng,19.0,152,8,5.26%,https://mohinhkientruc.org/sa-ban-cao-tang/,📌 Local Map Pack
01/08/2026,4,mô hình nhà máy,21.6,166,10,6.02%,https://mohinhkientruc.org/mo-hinh-nha-may/,❓ People Also Ask
01/08/2026,5,mô hình thiết bị,25.9,83,3,3.61%,https://mohinhkientruc.org/mo-hinh-3d/,🔗 Organic Sitelinks
01/08/2026,6,mô hình trường học,21.9,105,5,4.76%,https://mohinhkientruc.org/lam-sa-ban-truong-hoc/,🖼️ Image Pack
01/08/2026,7,mô hình bệnh viện,23.4,73,3,4.11%,https://mohinhkientruc.org/mo-hinh-tod-sa-ban/,🌟 Featured Snippet
01/08/2026,8,sa bàn quy hoạch,18.3,259,18,6.95%,https://mohinhkientruc.org/dich-vu-lam-sa-ban-quy-hoach/,🌟 Featured Snippet
01/08/2026,9,sa bàn kiến trúc,13.9,361,23,6.37%,https://mohinhkientruc.org/sa-ban-kien-truc/,📌 Local Map Pack
01/08/2026,10,sa bàn cao tầng,18.0,137,7,5.11%,https://mohinhkientruc.org/sa-ban-cao-tang/,❓ People Also Ask
01/08/2026,11,sa bàn nhà máy,20.9,140,7,5.00%,https://mohinhkientruc.org/thi-cong-sa-ban-nha-may-khu-cong-nghiep/,🖼️ Image Pack
01/08/2026,12,sa bàn thiết bị,26.0,63,2,3.17%,https://mohinhkientruc.org/sa-ban-noi-that/,🔗 Organic Sitelinks
01/08/2026,13,sa bàn trường học,22.9,87,4,4.60%,https://mohinhkientruc.org/lam-sa-ban-truong-hoc/,🖼️ Image Pack
01/08/2026,14,sa bàn bệnh viện,24.4,78,3,3.85%,https://mohinhkientruc.org/du-an-noi-bat/,📌 Local Map Pack
01/08/2026,15,vận chuyển mô hình,22.4,119,6,5.04%,https://mohinhkientruc.org/van-chuyen-sa-ban-kien-truc/,📌 Local Map Pack
01/08/2026,16,vận chuyển sa bàn,22.9,108,5,4.63%,https://mohinhkientruc.org/van-chuyen-sa-ban-kien-truc/,🖼️ Image Pack
01/08/2026,17,sửa chữa mô hình,20.0,142,8,5.63%,https://mohinhkientruc.org/sua-chua-mo-hinh-kien-truc/,❓ People Also Ask
01/08/2026,18,sửa chữa sa bàn,20.9,131,7,5.34%,https://mohinhkientruc.org/sua-chua-mo-hinh-kien-truc/,🌟 Featured Snippet
01/08/2026,19,công ty mô hình kiến trúc,9.2,564,41,7.27%,https://mohinhkientruc.org/cong-ty-lam-mo-hinh/,📌 Local Map Pack
01/08/2026,20,công ty sa bàn kiến trúc,10.8,448,31,6.92%,https://mohinhkientruc.org/,🌟 Featured Snippet
01/08/2026,21,làm mô hình,15.8,297,20,6.73%,https://mohinhkientruc.org/lam-mo-hinh-kien-truc/,🖼️ Image Pack
01/08/2026,22,làm sa bàn,16.9,266,17,6.39%,https://mohinhkientruc.org/lam-sa-ban/,🔗 Organic Sitelinks
02/08/2026,1,mô hình quy hoạch,15.3,315,24,7.62%,https://mohinhkientruc.org/danh-muc-du-an/mo-hinh-quy-hoach/,🖼️ Image Pack
02/08/2026,2,mô hình kiến trúc,9.9,621,40,6.44%,https://mohinhkientruc.org/mo-hinh-kien-truc/,🌟 Featured Snippet
02/08/2026,3,mô hình cao tầng,18.1,157,8,5.10%,https://mohinhkientruc.org/sa-ban-cao-tang/,📌 Local Map Pack
02/08/2026,4,mô hình nhà máy,20.7,172,10,5.81%,https://mohinhkientruc.org/mo-hinh-nha-may/,❓ People Also Ask
02/08/2026,5,mô hình thiết bị,25.0,88,3,3.41%,https://mohinhkientruc.org/mo-hinh-3d/,🔗 Organic Sitelinks
02/08/2026,6,mô hình trường học,21.0,110,5,4.55%,https://mohinhkientruc.org/lam-sa-ban-truong-hoc/,🖼️ Image Pack
02/08/2026,7,mô hình bệnh viện,22.6,78,3,3.85%,https://mohinhkientruc.org/mo-hinh-tod-sa-ban/,🌟 Featured Snippet
02/08/2026,8,sa bàn quy hoạch,17.5,266,19,7.14%,https://mohinhkientruc.org/dich-vu-lam-sa-ban-quy-hoach/,🌟 Featured Snippet
02/08/2026,9,sa bàn kiến trúc,13.0,370,23,6.22%,https://mohinhkientruc.org/sa-ban-kien-truc/,📌 Local Map Pack
02/08/2026,10,sa bàn cao tầng,17.1,143,7,4.90%,https://mohinhkientruc.org/sa-ban-cao-tang/,❓ People Also Ask
02/08/2026,11,sa bàn nhà máy,20.0,145,8,5.52%,https://mohinhkientruc.org/thi-cong-sa-ban-nha-may-khu-cong-nghiep/,🖼️ Image Pack
02/08/2026,12,sa bàn thiết bị,25.1,68,2,2.94%,https://mohinhkientruc.org/sa-ban-noi-that/,🔗 Organic Sitelinks
02/08/2026,13,sa bàn trường học,22.0,92,4,4.35%,https://mohinhkientruc.org/lam-sa-ban-truong-hoc/,🖼️ Image Pack
02/08/2026,14,sa bàn bệnh viện,23.6,83,3,3.61%,https://mohinhkientruc.org/du-an-noi-bat/,📌 Local Map Pack
02/08/2026,15,vận chuyển mô hình,21.5,125,6,4.80%,https://mohinhkientruc.org/van-chuyen-sa-ban-kien-truc/,📌 Local Map Pack
02/08/2026,16,vận chuyển sa bàn,22.1,113,5,4.42%,https://mohinhkientruc.org/van-chuyen-sa-ban-kien-truc/,🖼️ Image Pack
02/08/2026,17,sửa chữa mô hình,19.2,147,9,6.12%,https://mohinhkientruc.org/sua-chua-mo-hinh-kien-truc/,❓ People Also Ask
02/08/2026,18,sửa chữa sa bàn,20.1,136,8,5.88%,https://mohinhkientruc.org/sua-chua-mo-hinh-kien-truc/,🌟 Featured Snippet
02/08/2026,19,công ty mô hình kiến trúc,8.4,574,41,7.14%,https://mohinhkientruc.org/cong-ty-lam-mo-hinh/,📌 Local Map Pack
02/08/2026,20,công ty sa bàn kiến trúc,10.0,457,31,6.78%,https://mohinhkientruc.org/,🌟 Featured Snippet
02/08/2026,21,làm mô hình,15.0,304,20,6.58%,https://mohinhkientruc.org/lam-mo-hinh-kien-truc/,🖼️ Image Pack
02/08/2026,22,làm sa bàn,16.1,273,17,6.23%,https://mohinhkientruc.org/lam-sa-ban/,🔗 Organic Sitelinks
03/08/2026,1,mô hình quy hoạch,15.4,317,24,7.57%,https://mohinhkientruc.org/danh-muc-du-an/mo-hinh-quy-hoach/,🖼️ Image Pack
03/08/2026,2,mô hình kiến trúc,10.1,621,40,6.44%,https://mohinhkientruc.org/mo-hinh-kien-truc/,🌟 Featured Snippet
03/08/2026,3,mô hình cao tầng,18.1,160,8,5.00%,https://mohinhkientruc.org/sa-ban-cao-tang/,📌 Local Map Pack
03/08/2026,4,mô hình nhà máy,20.7,175,10,5.71%,https://mohinhkientruc.org/mo-hinh-nha-may/,❓ People Also Ask
03/08/2026,5,mô hình thiết bị,25.1,90,3,3.33%,https://mohinhkientruc.org/mo-hinh-3d/,🔗 Organic Sitelinks
03/08/2026,6,mô hình trường học,21.1,113,5,4.42%,https://mohinhkientruc.org/lam-sa-ban-truong-hoc/,🖼️ Image Pack
03/08/2026,7,mô hình bệnh viện,22.6,81,3,3.70%,https://mohinhkientruc.org/mo-hinh-tod-sa-ban/,🌟 Featured Snippet
03/08/2026,8,sa bàn quy hoạch,17.6,269,19,7.06%,https://mohinhkientruc.org/dich-vu-lam-sa-ban-quy-hoach/,🌟 Featured Snippet
03/08/2026,9,sa bàn kiến trúc,13.1,372,23,6.18%,https://mohinhkientruc.org/sa-ban-kien-truc/,📌 Local Map Pack
03/08/2026,10,sa bàn cao tầng,17.1,146,7,4.79%,https://mohinhkientruc.org/sa-ban-cao-tang/,❓ People Also Ask
03/08/2026,11,sa bàn nhà máy,20.1,148,8,5.41%,https://mohinhkientruc.org/thi-cong-sa-ban-nha-may-khu-cong-nghiep/,🖼️ Image Pack
03/08/2026,12,sa bàn thiết bị,25.1,71,2,2.82%,https://mohinhkientruc.org/sa-ban-noi-that/,🔗 Organic Sitelinks
03/08/2026,13,sa bàn trường học,22.1,94,4,4.26%,https://mohinhkientruc.org/lam-sa-ban-truong-hoc/,🖼️ Image Pack
03/08/2026,14,sa bàn bệnh viện,23.6,86,3,3.49%,https://mohinhkientruc.org/du-an-noi-bat/,📌 Local Map Pack
03/08/2026,15,vận chuyển mô hình,21.6,128,7,5.47%,https://mohinhkientruc.org/van-chuyen-sa-ban-kien-truc/,📌 Local Map Pack
03/08/2026,16,vận chuyển sa bàn,22.2,116,5,4.31%,https://mohinhkientruc.org/van-chuyen-sa-ban-kien-truc/,🖼️ Image Pack
03/08/2026,17,sửa chữa mô hình,19.3,150,9,6.00%,https://mohinhkientruc.org/sua-chua-mo-hinh-kien-truc/,❓ People Also Ask
03/08/2026,18,sửa chữa sa bàn,20.2,139,8,5.76%,https://mohinhkientruc.org/sua-chua-mo-hinh-kien-truc/,🌟 Featured Snippet
03/08/2026,19,công ty mô hình kiến trúc,8.6,576,41,7.12%,https://mohinhkientruc.org/cong-ty-lam-mo-hinh/,📌 Local Map Pack
03/08/2026,20,công ty sa bàn kiến trúc,10.2,458,31,6.77%,https://mohinhkientruc.org/,🌟 Featured Snippet
03/08/2026,21,làm mô hình,15.1,307,20,6.51%,https://mohinhkientruc.org/lam-mo-hinh-kien-truc/,🖼️ Image Pack
03/08/2026,22,làm sa bàn,16.2,276,17,6.16%,https://mohinhkientruc.org/lam-sa-ban/,🔗 Organic Sitelinks
04/08/2026,1,mô hình quy hoạch,15.4,320,24,7.50%,https://mohinhkientruc.org/danh-muc-du-an/mo-hinh-quy-hoach/,🖼️ Image Pack
04/08/2026,2,mô hình kiến trúc,10.2,623,40,6.42%,https://mohinhkientruc.org/mo-hinh-kien-truc/,🌟 Featured Snippet
04/08/2026,3,mô hình cao tầng,18.2,163,8,4.91%,https://mohinhkientruc.org/sa-ban-cao-tang/,📌 Local Map Pack
04/08/2026,4,mô hình nhà máy,20.6,178,10,5.62%,https://mohinhkientruc.org/mo-hinh-nha-may/,❓ People Also Ask
04/08/2026,5,mô hình thiết bị,25.2,93,3,3.23%,https://mohinhkientruc.org/mo-hinh-3d/,🔗 Organic Sitelinks
04/08/2026,6,mô hình trường học,21.2,115,6,5.22%,https://mohinhkientruc.org/lam-sa-ban-truong-hoc/,🖼️ Image Pack
04/08/2026,7,mô hình bệnh viện,22.7,84,3,3.57%,https://mohinhkientruc.org/mo-hinh-tod-sa-ban/,🌟 Featured Snippet
04/08/2026,8,sa bàn quy hoạch,17.7,271,19,7.01%,https://mohinhkientruc.org/dich-vu-lam-sa-ban-quy-hoach/,🌟 Featured Snippet
04/08/2026,9,sa bàn kiến trúc,13.2,375,24,6.40%,https://mohinhkientruc.org/sa-ban-kien-truc/,📌 Local Map Pack
04/08/2026,10,sa bàn cao tầng,17.2,149,7,4.70%,https://mohinhkientruc.org/sa-ban-cao-tang/,❓ People Also Ask
04/08/2026,11,sa bàn nhà máy,20.2,151,8,5.30%,https://mohinhkientruc.org/thi-cong-sa-ban-nha-may-khu-cong-nghiep/,🖼️ Image Pack
04/08/2026,12,sa bàn thiết bị,25.2,73,2,2.74%,https://mohinhkientruc.org/sa-ban-noi-that/,🔗 Organic Sitelinks
04/08/2026,13,sa bàn trường học,22.2,97,4,4.12%,https://mohinhkientruc.org/lam-sa-ban-truong-hoc/,🖼️ Image Pack
04/08/2026,14,sa bàn bệnh viện,23.7,88,3,3.41%,https://mohinhkientruc.org/du-an-noi-bat/,📌 Local Map Pack
04/08/2026,15,vận chuyển mô hình,21.7,130,7,5.38%,https://mohinhkientruc.org/van-chuyen-sa-ban-kien-truc/,📌 Local Map Pack
04/08/2026,16,vận chuyển sa bàn,22.3,119,5,4.20%,https://mohinhkientruc.org/van-chuyen-sa-ban-kien-truc/,🖼️ Image Pack
04/08/2026,17,sửa chữa mô hình,19.4,152,9,5.92%,https://mohinhkientruc.org/sua-chua-mo-hinh-kien-truc/,❓ People Also Ask
04/08/2026,18,sửa chữa sa bàn,20.2,142,8,5.63%,https://mohinhkientruc.org/sua-chua-mo-hinh-kien-truc/,🌟 Featured Snippet
04/08/2026,19,công ty mô hình kiến trúc,8.7,578,42,7.27%,https://mohinhkientruc.org/cong-ty-lam-mo-hinh/,📌 Local Map Pack
04/08/2026,20,công ty sa bàn kiến trúc,10.3,461,32,6.94%,https://mohinhkientruc.org/,🌟 Featured Snippet
04/08/2026,21,làm mô hình,15.2,309,21,6.80%,https://mohinhkientruc.org/lam-mo-hinh-kien-truc/,🖼️ Image Pack
04/08/2026,22,làm sa bàn,16.4,278,17,6.12%,https://mohinhkientruc.org/lam-sa-ban/,🔗 Organic Sitelinks
05/08/2026,1,mô hình quy hoạch,14.6,313,24,7.67%,https://mohinhkientruc.org/danh-muc-du-an/mo-hinh-quy-hoach/,🖼️ Image Pack
05/08/2026,2,mô hình kiến trúc,9.5,619,40,6.46%,https://mohinhkientruc.org/mo-hinh-kien-truc/,🌟 Featured Snippet
05/08/2026,3,mô hình cao tầng,17.3,154,8,5.19%,https://mohinhkientruc.org/sa-ban-cao-tang/,📌 Local Map Pack
05/08/2026,4,mô hình nhà máy,19.7,170,10,5.88%,https://mohinhkientruc.org/mo-hinh-nha-may/,❓ People Also Ask
05/08/2026,5,mô hình thiết bị,24.4,83,3,3.61%,https://mohinhkientruc.org/mo-hinh-3d/,🔗 Organic Sitelinks
05/08/2026,6,mô hình trường học,20.4,105,5,4.76%,https://mohinhkientruc.org/lam-sa-ban-truong-hoc/,🖼️ Image Pack
05/08/2026,7,mô hình bệnh viện,21.8,73,3,4.11%,https://mohinhkientruc.org/mo-hinh-tod-sa-ban/,🌟 Featured Snippet
05/08/2026,8,sa bàn quy hoạch,16.9,263,18,6.84%,https://mohinhkientruc.org/dich-vu-lam-sa-ban-quy-hoach/,🌟 Featured Snippet
05/08/2026,9,sa bàn kiến trúc,12.4,368,23,6.25%,https://mohinhkientruc.org/sa-ban-kien-truc/,📌 Local Map Pack
05/08/2026,10,sa bàn cao tầng,16.3,139,7,5.04%,https://mohinhkientruc.org/sa-ban-cao-tang/,❓ People Also Ask
05/08/2026,11,sa bàn nhà máy,19.4,141,7,4.96%,https://mohinhkientruc.org/thi-cong-sa-ban-nha-may-khu-cong-nghiep/,🖼️ Image Pack
05/08/2026,12,sa bàn thiết bị,24.3,63,2,3.17%,https://mohinhkientruc.org/sa-ban-noi-that/,🔗 Organic Sitelinks
05/08/2026,13,sa bàn trường học,21.4,87,4,4.60%,https://mohinhkientruc.org/lam-sa-ban-truong-hoc/,🖼️ Image Pack
05/08/2026,14,sa bàn bệnh viện,22.8,78,3,3.85%,https://mohinhkientruc.org/du-an-noi-bat/,📌 Local Map Pack
05/08/2026,15,vận chuyển mô hình,20.9,120,6,5.00%,https://mohinhkientruc.org/van-chuyen-sa-ban-kien-truc/,📌 Local Map Pack
05/08/2026,16,vận chuyển sa bàn,21.5,109,5,4.59%,https://mohinhkientruc.org/van-chuyen-sa-ban-kien-truc/,🖼️ Image Pack
05/08/2026,17,sửa chữa mô hình,18.6,143,8,5.59%,https://mohinhkientruc.org/sua-chua-mo-hinh-kien-truc/,❓ People Also Ask
05/08/2026,18,sửa chữa sa bàn,19.4,132,7,5.30%,https://mohinhkientruc.org/sua-chua-mo-hinh-kien-truc/,🌟 Featured Snippet
05/08/2026,19,công ty mô hình kiến trúc,8.0,572,41,7.17%,https://mohinhkientruc.org/cong-ty-lam-mo-hinh/,📌 Local Map Pack
05/08/2026,20,công ty sa bàn kiến trúc,9.6,454,31,6.83%,https://mohinhkientruc.org/,🌟 Featured Snippet
05/08/2026,21,làm mô hình,14.4,302,20,6.62%,https://mohinhkientruc.org/lam-mo-hinh-kien-truc/,🖼️ Image Pack
05/08/2026,22,làm sa bàn,15.6,270,17,6.30%,https://mohinhkientruc.org/lam-sa-ban/,🔗 Organic Sitelinks
06/08/2026,1,mô hình quy hoạch,14.6,316,24,7.59%,https://mohinhkientruc.org/danh-muc-du-an/mo-hinh-quy-hoach/,🖼️ Image Pack
06/08/2026,2,mô hình kiến trúc,9.6,621,40,6.44%,https://mohinhkientruc.org/mo-hinh-kien-truc/,🌟 Featured Snippet
06/08/2026,3,mô hình cao tầng,17.3,157,8,5.10%,https://mohinhkientruc.org/sa-ban-cao-tang/,📌 Local Map Pack
06/08/2026,4,mô hình nhà máy,19.7,173,10,5.78%,https://mohinhkientruc.org/mo-hinh-nha-may/,❓ People Also Ask
06/08/2026,5,mô hình thiết bị,24.4,86,3,3.49%,https://mohinhkientruc.org/mo-hinh-3d/,🔗 Organic Sitelinks
06/08/2026,6,mô hình trường học,20.4,108,5,4.63%,https://mohinhkientruc.org/lam-sa-ban-truong-hoc/,🖼️ Image Pack
06/08/2026,7,mô hình bệnh viện,21.9,76,3,3.95%,https://mohinhkientruc.org/mo-hinh-tod-sa-ban/,🌟 Featured Snippet
06/08/2026,8,sa bàn quy hoạch,17.0,266,19,7.14%,https://mohinhkientruc.org/dich-vu-lam-sa-ban-quy-hoach/,🌟 Featured Snippet
06/08/2026,9,sa bàn kiến trúc,12.4,371,23,6.20%,https://mohinhkientruc.org/sa-ban-kien-truc/,📌 Local Map Pack
06/08/2026,10,sa bàn cao tầng,16.3,142,7,4.93%,https://mohinhkientruc.org/sa-ban-cao-tang/,❓ People Also Ask
06/08/2026,11,sa bàn nhà máy,19.4,144,7,4.86%,https://mohinhkientruc.org/thi-cong-sa-ban-nha-may-khu-cong-nghiep/,🖼️ Image Pack
06/08/2026,12,sa bàn thiết bị,24.3,66,2,3.03%,https://mohinhkientruc.org/sa-ban-noi-that/,🔗 Organic Sitelinks
06/08/2026,13,sa bàn trường học,21.4,90,4,4.44%,https://mohinhkientruc.org/lam-sa-ban-truong-hoc/,🖼️ Image Pack
06/08/2026,14,sa bàn bệnh viện,22.9,81,3,3.70%,https://mohinhkientruc.org/du-an-noi-bat/,📌 Local Map Pack
06/08/2026,15,vận chuyển mô hình,20.9,123,6,4.88%,https://mohinhkientruc.org/van-chuyen-sa-ban-kien-truc/,📌 Local Map Pack
06/08/2026,16,vận chuyển sa bàn,21.6,111,5,4.50%,https://mohinhkientruc.org/van-chuyen-sa-ban-kien-truc/,🖼️ Image Pack
06/08/2026,17,sửa chữa mô hình,18.7,145,9,6.21%,https://mohinhkientruc.org/sua-chua-mo-hinh-kien-truc/,❓ People Also Ask
06/08/2026,18,sửa chữa sa bàn,19.5,135,7,5.19%,https://mohinhkientruc.org/sua-chua-mo-hinh-kien-truc/,🌟 Featured Snippet
06/08/2026,19,công ty mô hình kiến trúc,8.1,574,41,7.14%,https://mohinhkientruc.org/cong-ty-lam-mo-hinh/,📌 Local Map Pack
06/08/2026,20,công ty sa bàn kiến trúc,9.7,456,31,6.80%,https://mohinhkientruc.org/,🌟 Featured Snippet
06/08/2026,21,làm mô hình,14.5,304,20,6.58%,https://mohinhkientruc.org/lam-mo-hinh-kien-truc/,🖼️ Image Pack
06/08/2026,22,làm sa bàn,15.7,273,17,6.23%,https://mohinhkientruc.org/lam-sa-ban/,🔗 Organic Sitelinks
07/08/2026,1,mô hình quy hoạch,14.7,318,24,7.55%,https://mohinhkientruc.org/danh-muc-du-an/mo-hinh-quy-hoach/,🖼️ Image Pack
07/08/2026,2,mô hình kiến trúc,9.8,622,40,6.43%,https://mohinhkientruc.org/mo-hinh-kien-truc/,🌟 Featured Snippet
07/08/2026,3,mô hình cao tầng,17.3,160,8,5.00%,https://mohinhkientruc.org/sa-ban-cao-tang/,📌 Local Map Pack
07/08/2026,4,mô hình nhà máy,19.6,176,10,5.68%,https://mohinhkientruc.org/mo-hinh-nha-may/,❓ People Also Ask
07/08/2026,5,mô hình thiết bị,24.5,89,3,3.37%,https://mohinhkientruc.org/mo-hinh-3d/,🔗 Organic Sitelinks
07/08/2026,6,mô hình trường học,20.5,111,5,4.50%,https://mohinhkientruc.org/lam-sa-ban-truong-hoc/,🖼️ Image Pack
07/08/2026,7,mô hình bệnh viện,21.9,79,3,3.80%,https://mohinhkientruc.org/mo-hinh-tod-sa-ban/,🌟 Featured Snippet
07/08/2026,8,sa bàn quy hoạch,17.2,268,19,7.09%,https://mohinhkientruc.org/dich-vu-lam-sa-ban-quy-hoach/,🌟 Featured Snippet
07/08/2026,9,sa bàn kiến trúc,12.5,373,23,6.17%,https://mohinhkientruc.org/sa-ban-kien-truc/,📌 Local Map Pack
07/08/2026,10,sa bàn cao tầng,16.3,145,7,4.83%,https://mohinhkientruc.org/sa-ban-cao-tang/,❓ People Also Ask
07/08/2026,11,sa bàn nhà máy,19.5,147,8,5.44%,https://mohinhkientruc.org/thi-cong-sa-ban-nha-may-khu-cong-nghiep/,🖼️ Image Pack
07/08/2026,12,sa bàn thiết bị,24.3,69,2,2.90%,https://mohinhkientruc.org/sa-ban-noi-that/,🔗 Organic Sitelinks
07/08/2026,13,sa bàn trường học,21.5,92,4,4.35%,https://mohinhkientruc.org/lam-sa-ban-truong-hoc/,🖼️ Image Pack
07/08/2026,14,sa bàn bệnh viện,22.9,84,3,3.57%,https://mohinhkientruc.org/du-an-noi-bat/,📌 Local Map Pack
07/08/2026,15,vận chuyển mô hình,21.0,126,6,4.76%,https://mohinhkientruc.org/van-chuyen-sa-ban-kien-truc/,📌 Local Map Pack
07/08/2026,16,vận chuyển sa bàn,21.6,114,5,4.39%,https://mohinhkientruc.org/van-chuyen-sa-ban-kien-truc/,🖼️ Image Pack
07/08/2026,17,sửa chữa mô hình,18.8,148,9,6.08%,https://mohinhkientruc.org/sua-chua-mo-hinh-kien-truc/,❓ People Also Ask
07/08/2026,18,sửa chữa sa bàn,19.6,138,8,5.80%,https://mohinhkientruc.org/sua-chua-mo-hinh-kien-truc/,🌟 Featured Snippet
07/08/2026,19,công ty mô hình kiến trúc,8.3,575,41,7.13%,https://mohinhkientruc.org/cong-ty-lam-mo-hinh/,📌 Local Map Pack
07/08/2026,20,công ty sa bàn kiến trúc,9.9,458,31,6.77%,https://mohinhkientruc.org/,🌟 Featured Snippet
07/08/2026,21,làm mô hình,14.7,306,20,6.54%,https://mohinhkientruc.org/lam-mo-hinh-kien-truc/,🖼️ Image Pack
07/08/2026,22,làm sa bàn,15.8,275,17,6.18%,https://mohinhkientruc.org/lam-sa-ban/,🔗 Organic Sitelinks
08/08/2026,1,mô hình quy hoạch,13.9,326,25,7.67%,https://mohinhkientruc.org/danh-muc-du-an/mo-hinh-quy-hoach/,🖼️ Image Pack
08/08/2026,2,mô hình kiến trúc,9.0,633,41,6.48%,https://mohinhkientruc.org/mo-hinh-kien-truc/,🌟 Featured Snippet
08/08/2026,3,mô hình cao tầng,16.4,166,9,5.42%,https://mohinhkientruc.org/sa-ban-cao-tang/,📌 Local Map Pack
08/08/2026,4,mô hình nhà máy,18.7,182,11,6.04%,https://mohinhkientruc.org/mo-hinh-nha-may/,❓ People Also Ask
08/08/2026,5,mô hình thiết bị,23.7,93,3,3.23%,https://mohinhkientruc.org/mo-hinh-3d/,🔗 Organic Sitelinks
08/08/2026,6,mô hình trường học,19.7,116,6,5.17%,https://mohinhkientruc.org/lam-sa-ban-truong-hoc/,🖼️ Image Pack
08/08/2026,7,mô hình bệnh viện,21.0,83,3,3.61%,https://mohinhkientruc.org/mo-hinh-tod-sa-ban/,🌟 Featured Snippet
08/08/2026,8,sa bàn quy hoạch,16.4,275,19,6.91%,https://mohinhkientruc.org/dich-vu-lam-sa-ban-quy-hoach/,🌟 Featured Snippet
08/08/2026,9,sa bàn kiến trúc,11.7,381,24,6.30%,https://mohinhkientruc.org/sa-ban-kien-truc/,📌 Local Map Pack
08/08/2026,10,sa bàn cao tầng,15.4,150,7,4.67%,https://mohinhkientruc.org/sa-ban-cao-tang/,❓ People Also Ask
08/08/2026,11,sa bàn nhà máy,18.7,152,8,5.26%,https://mohinhkientruc.org/thi-cong-sa-ban-nha-may-khu-cong-nghiep/,🖼️ Image Pack
08/08/2026,12,sa bàn thiết bị,23.4,73,2,2.74%,https://mohinhkientruc.org/sa-ban-noi-that/,🔗 Organic Sitelinks
08/08/2026,13,sa bàn trường học,20.7,97,4,4.12%,https://mohinhkientruc.org/lam-sa-ban-truong-hoc/,🖼️ Image Pack
08/08/2026,14,sa bàn bệnh viện,22.0,89,3,3.37%,https://mohinhkientruc.org/du-an-noi-bat/,📌 Local Map Pack
08/08/2026,15,vận chuyển mô hình,20.2,131,7,5.34%,https://mohinhkientruc.org/van-chuyen-sa-ban-kien-truc/,📌 Local Map Pack
08/08/2026,16,vận chuyển sa bàn,20.8,119,5,4.20%,https://mohinhkientruc.org/van-chuyen-sa-ban-kien-truc/,🖼️ Image Pack
08/08/2026,17,sửa chữa mô hình,18.0,153,9,5.88%,https://mohinhkientruc.org/sua-chua-mo-hinh-kien-truc/,❓ People Also Ask
08/08/2026,18,sửa chữa sa bàn,18.8,143,8,5.59%,https://mohinhkientruc.org/sua-chua-mo-hinh-kien-truc/,🌟 Featured Snippet
08/08/2026,19,công ty mô hình kiến trúc,7.5,586,42,7.17%,https://mohinhkientruc.org/cong-ty-lam-mo-hinh/,📌 Local Map Pack
08/08/2026,20,công ty sa bàn kiến trúc,9.2,466,32,6.87%,https://mohinhkientruc.org/,🌟 Featured Snippet
08/08/2026,21,làm mô hình,13.9,313,21,6.71%,https://mohinhkientruc.org/lam-mo-hinh-kien-truc/,🖼️ Image Pack
08/08/2026,22,làm sa bàn,15.1,282,18,6.38%,https://mohinhkientruc.org/lam-sa-ban/,🔗 Organic Sitelinks
09/08/2026,1,mô hình quy hoạch,13.9,329,25,7.60%,https://mohinhkientruc.org/danh-muc-du-an/mo-hinh-quy-hoach/,🖼️ Image Pack
09/08/2026,2,mô hình kiến trúc,9.2,634,41,6.47%,https://mohinhkientruc.org/mo-hinh-kien-truc/,🌟 Featured Snippet
09/08/2026,3,mô hình cao tầng,16.4,169,9,5.33%,https://mohinhkientruc.org/sa-ban-cao-tang/,📌 Local Map Pack
09/08/2026,4,mô hình nhà máy,18.7,185,11,5.95%,https://mohinhkientruc.org/mo-hinh-nha-may/,❓ People Also Ask
09/08/2026,5,mô hình thiết bị,23.8,96,3,3.12%,https://mohinhkientruc.org/mo-hinh-3d/,🔗 Organic Sitelinks
09/08/2026,6,mô hình trường học,19.8,118,6,5.08%,https://mohinhkientruc.org/lam-sa-ban-truong-hoc/,🖼️ Image Pack
09/08/2026,7,mô hình bệnh viện,21.1,86,3,3.49%,https://mohinhkientruc.org/mo-hinh-tod-sa-ban/,🌟 Featured Snippet
09/08/2026,8,sa bàn quy hoạch,16.5,277,19,6.86%,https://mohinhkientruc.org/dich-vu-lam-sa-ban-quy-hoach/,🌟 Featured Snippet
09/08/2026,9,sa bàn kiến trúc,11.8,384,24,6.25%,https://mohinhkientruc.org/sa-ban-kien-truc/,📌 Local Map Pack
09/08/2026,10,sa bàn cao tầng,15.4,153,8,5.23%,https://mohinhkientruc.org/sa-ban-cao-tang/,❓ People Also Ask
09/08/2026,11,sa bàn nhà máy,18.8,155,8,5.16%,https://mohinhkientruc.org/thi-cong-sa-ban-nha-may-khu-cong-nghiep/,🖼️ Image Pack
09/08/2026,12,sa bàn thiết bị,23.4,76,2,2.63%,https://mohinhkientruc.org/sa-ban-noi-that/,🔗 Organic Sitelinks
09/08/2026,13,sa bàn trường học,20.8,100,4,4.00%,https://mohinhkientruc.org/lam-sa-ban-truong-hoc/,🖼️ Image Pack
09/08/2026,14,sa bàn bệnh viện,22.1,91,4,4.40%,https://mohinhkientruc.org/du-an-noi-bat/,📌 Local Map Pack
09/08/2026,15,vận chuyển mô hình,20.3,134,7,5.22%,https://mohinhkientruc.org/van-chuyen-sa-ban-kien-truc/,📌 Local Map Pack
09/08/2026,16,vận chuyển sa bàn,20.9,122,6,4.92%,https://mohinhkientruc.org/van-chuyen-sa-ban-kien-truc/,🖼️ Image Pack
09/08/2026,17,sửa chữa mô hình,18.1,156,9,5.77%,https://mohinhkientruc.org/sua-chua-mo-hinh-kien-truc/,❓ People Also Ask
09/08/2026,18,sửa chữa sa bàn,18.8,146,8,5.48%,https://mohinhkientruc.org/sua-chua-mo-hinh-kien-truc/,🌟 Featured Snippet
09/08/2026,19,công ty mô hình kiến trúc,7.7,587,42,7.16%,https://mohinhkientruc.org/cong-ty-lam-mo-hinh/,📌 Local Map Pack
09/08/2026,20,công ty sa bàn kiến trúc,9.3,468,32,6.84%,https://mohinhkientruc.org/,🌟 Featured Snippet
09/08/2026,21,làm mô hình,14.0,316,21,6.65%,https://mohinhkientruc.org/lam-mo-hinh-kien-truc/,🖼️ Image Pack
09/08/2026,22,làm sa bàn,15.2,284,18,6.34%,https://mohinhkientruc.org/lam-sa-ban/,🔗 Organic Sitelinks
10/08/2026,1,mô hình quy hoạch,14.0,316,24,7.59%,https://mohinhkientruc.org/danh-muc-du-an/mo-hinh-quy-hoach/,🖼️ Image Pack
10/08/2026,2,mô hình kiến trúc,9.3,621,40,6.44%,https://mohinhkientruc.org/mo-hinh-kien-truc/,🌟 Featured Snippet
10/08/2026,3,mô hình cao tầng,16.4,157,8,5.10%,https://mohinhkientruc.org/sa-ban-cao-tang/,📌 Local Map Pack
10/08/2026,4,mô hình nhà máy,18.6,173,10,5.78%,https://mohinhkientruc.org/mo-hinh-nha-may/,❓ People Also Ask
10/08/2026,5,mô hình thiết bị,23.9,84,3,3.57%,https://mohinhkientruc.org/mo-hinh-3d/,🔗 Organic Sitelinks
10/08/2026,6,mô hình trường học,19.9,106,5,4.72%,https://mohinhkientruc.org/lam-sa-ban-truong-hoc/,🖼️ Image Pack
10/08/2026,7,mô hình bệnh viện,21.1,74,3,4.05%,https://mohinhkientruc.org/mo-hinh-tod-sa-ban/,🌟 Featured Snippet
10/08/2026,8,sa bàn quy hoạch,16.6,265,18,6.79%,https://mohinhkientruc.org/dich-vu-lam-sa-ban-quy-hoach/,🌟 Featured Snippet
10/08/2026,9,sa bàn kiến trúc,11.9,371,23,6.20%,https://mohinhkientruc.org/sa-ban-kien-truc/,📌 Local Map Pack
10/08/2026,10,sa bàn cao tầng,15.4,141,7,4.96%,https://mohinhkientruc.org/sa-ban-cao-tang/,❓ People Also Ask
10/08/2026,11,sa bàn nhà máy,18.9,143,7,4.90%,https://mohinhkientruc.org/thi-cong-sa-ban-nha-may-khu-cong-nghiep/,🖼️ Image Pack
10/08/2026,12,sa bàn thiết bị,23.4,64,2,3.12%,https://mohinhkientruc.org/sa-ban-noi-that/,🔗 Organic Sitelinks
10/08/2026,13,sa bàn trường học,20.9,88,4,4.55%,https://mohinhkientruc.org/lam-sa-ban-truong-hoc/,🖼️ Image Pack
10/08/2026,14,sa bàn bệnh viện,22.1,79,3,3.80%,https://mohinhkientruc.org/du-an-noi-bat/,📌 Local Map Pack
10/08/2026,15,vận chuyển mô hình,20.4,122,6,4.92%,https://mohinhkientruc.org/van-chuyen-sa-ban-kien-truc/,📌 Local Map Pack
10/08/2026,16,vận chuyển sa bàn,21.0,110,5,4.55%,https://mohinhkientruc.org/van-chuyen-sa-ban-kien-truc/,🖼️ Image Pack
10/08/2026,17,sửa chữa mô hình,18.2,144,8,5.56%,https://mohinhkientruc.org/sua-chua-mo-hinh-kien-truc/,❓ People Also Ask
10/08/2026,18,sửa chữa sa bàn,18.9,134,7,5.22%,https://mohinhkientruc.org/sua-chua-mo-hinh-kien-truc/,🌟 Featured Snippet
10/08/2026,19,công ty mô hình kiến trúc,7.8,574,41,7.14%,https://mohinhkientruc.org/cong-ty-lam-mo-hinh/,📌 Local Map Pack
10/08/2026,20,công ty sa bàn kiến trúc,9.5,455,31,6.81%,https://mohinhkientruc.org/,🌟 Featured Snippet
10/08/2026,21,làm mô hình,14.1,303,20,6.60%,https://mohinhkientruc.org/lam-mo-hinh-kien-truc/,🖼️ Image Pack
10/08/2026,22,làm sa bàn,15.3,272,17,6.25%,https://mohinhkientruc.org/lam-sa-ban/,🔗 Organic Sitelinks
11/08/2026,1,mô hình quy hoạch,13.1,325,24,7.38%,https://mohinhkientruc.org/danh-muc-du-an/mo-hinh-quy-hoach/,🖼️ Image Pack
11/08/2026,2,mô hình kiến trúc,8.6,631,41,6.50%,https://mohinhkientruc.org/mo-hinh-kien-truc/,🌟 Featured Snippet
11/08/2026,3,mô hình cao tầng,15.5,162,8,4.94%,https://mohinhkientruc.org/sa-ban-cao-tang/,📌 Local Map Pack
11/08/2026,4,mô hình nhà máy,17.7,180,10,5.56%,https://mohinhkientruc.org/mo-hinh-nha-may/,❓ People Also Ask
11/08/2026,5,mô hình thiết bị,23.0,89,3,3.37%,https://mohinhkientruc.org/mo-hinh-3d/,🔗 Organic Sitelinks
11/08/2026,6,mô hình trường học,19.0,111,5,4.50%,https://mohinhkientruc.org/lam-sa-ban-truong-hoc/,🖼️ Image Pack
11/08/2026,7,mô hình bệnh viện,20.3,79,3,3.80%,https://mohinhkientruc.org/mo-hinh-tod-sa-ban/,🌟 Featured Snippet
11/08/2026,8,sa bàn quy hoạch,15.8,272,19,6.99%,https://mohinhkientruc.org/dich-vu-lam-sa-ban-quy-hoach/,🌟 Featured Snippet
11/08/2026,9,sa bàn kiến trúc,11.0,380,24,6.32%,https://mohinhkientruc.org/sa-ban-kien-truc/,📌 Local Map Pack
11/08/2026,10,sa bàn cao tầng,14.5,147,7,4.76%,https://mohinhkientruc.org/sa-ban-cao-tang/,❓ People Also Ask
11/08/2026,11,sa bàn nhà máy,18.0,148,8,5.41%,https://mohinhkientruc.org/thi-cong-sa-ban-nha-may-khu-cong-nghiep/,🖼️ Image Pack
11/08/2026,12,sa bàn thiết bị,22.5,69,2,2.90%,https://mohinhkientruc.org/sa-ban-noi-that/,🔗 Organic Sitelinks
11/08/2026,13,sa bàn trường học,20.0,92,4,4.35%,https://mohinhkientruc.org/lam-sa-ban-truong-hoc/,🖼️ Image Pack
11/08/2026,14,sa bàn bệnh viện,21.3,84,3,3.57%,https://mohinhkientruc.org/du-an-noi-bat/,📌 Local Map Pack
11/08/2026,15,vận chuyển mô hình,19.5,127,6,4.72%,https://mohinhkientruc.org/van-chuyen-sa-ban-kien-truc/,📌 Local Map Pack
11/08/2026,16,vận chuyển sa bàn,20.2,115,5,4.35%,https://mohinhkientruc.org/van-chuyen-sa-ban-kien-truc/,🖼️ Image Pack
11/08/2026,17,sửa chữa mô hình,17.3,149,9,6.04%,https://mohinhkientruc.org/sua-chua-mo-hinh-kien-truc/,❓ People Also Ask
11/08/2026,18,sửa chữa sa bàn,18.1,139,8,5.76%,https://mohinhkientruc.org/sua-chua-mo-hinh-kien-truc/,🌟 Featured Snippet
11/08/2026,19,công ty mô hình kiến trúc,7.1,584,42,7.19%,https://mohinhkientruc.org/cong-ty-lam-mo-hinh/,📌 Local Map Pack
11/08/2026,20,công ty sa bàn kiến trúc,8.7,464,32,6.90%,https://mohinhkientruc.org/,🌟 Featured Snippet
11/08/2026,21,làm mô hình,13.3,311,21,6.75%,https://mohinhkientruc.org/lam-mo-hinh-kien-truc/,🖼️ Image Pack
11/08/2026,22,làm sa bàn,14.5,279,17,6.09%,https://mohinhkientruc.org/lam-sa-ban/,🔗 Organic Sitelinks
12/08/2026,1,mô hình quy hoạch,13.2,327,25,7.65%,https://mohinhkientruc.org/danh-muc-du-an/mo-hinh-quy-hoach/,🖼️ Image Pack
12/08/2026,2,mô hình kiến trúc,8.7,633,41,6.48%,https://mohinhkientruc.org/mo-hinh-kien-truc/,🌟 Featured Snippet
12/08/2026,3,mô hình cao tầng,15.5,165,9,5.45%,https://mohinhkientruc.org/sa-ban-cao-tang/,📌 Local Map Pack
12/08/2026,4,mô hình nhà máy,17.7,183,11,6.01%,https://mohinhkientruc.org/mo-hinh-nha-may/,❓ People Also Ask
12/08/2026,5,mô hình thiết bị,23.1,91,3,3.30%,https://mohinhkientruc.org/mo-hinh-3d/,🔗 Organic Sitelinks
12/08/2026,6,mô hình trường học,19.1,114,6,5.26%,https://mohinhkientruc.org/lam-sa-ban-truong-hoc/,🖼️ Image Pack
12/08/2026,7,mô hình bệnh viện,20.3,82,3,3.66%,https://mohinhkientruc.org/mo-hinh-tod-sa-ban/,🌟 Featured Snippet
12/08/2026,8,sa bàn quy hoạch,15.9,275,19,6.91%,https://mohinhkientruc.org/dich-vu-lam-sa-ban-quy-hoach/,🌟 Featured Snippet
12/08/2026,9,sa bàn kiến trúc,11.1,382,24,6.28%,https://mohinhkientruc.org/sa-ban-kien-truc/,📌 Local Map Pack
12/08/2026,10,sa bàn cao tầng,14.5,150,7,4.67%,https://mohinhkientruc.org/sa-ban-cao-tang/,❓ People Also Ask
12/08/2026,11,sa bàn nhà máy,18.1,151,8,5.30%,https://mohinhkientruc.org/thi-cong-sa-ban-nha-may-khu-cong-nghiep/,🖼️ Image Pack
12/08/2026,12,sa bàn thiết bị,22.5,72,2,2.78%,https://mohinhkientruc.org/sa-ban-noi-that/,🔗 Organic Sitelinks
12/08/2026,13,sa bàn trường học,20.1,95,4,4.21%,https://mohinhkientruc.org/lam-sa-ban-truong-hoc/,🖼️ Image Pack
12/08/2026,14,sa bàn bệnh viện,21.3,87,3,3.45%,https://mohinhkientruc.org/du-an-noi-bat/,📌 Local Map Pack
12/08/2026,15,vận chuyển mô hình,19.6,130,7,5.38%,https://mohinhkientruc.org/van-chuyen-sa-ban-kien-truc/,📌 Local Map Pack
12/08/2026,16,vận chuyển sa bàn,20.3,118,5,4.24%,https://mohinhkientruc.org/van-chuyen-sa-ban-kien-truc/,🖼️ Image Pack
12/08/2026,17,sửa chữa mô hình,17.4,152,9,5.92%,https://mohinhkientruc.org/sua-chua-mo-hinh-kien-truc/,❓ People Also Ask
12/08/2026,18,sửa chữa sa bàn,18.2,142,8,5.63%,https://mohinhkientruc.org/sua-chua-mo-hinh-kien-truc/,🌟 Featured Snippet
12/08/2026,19,công ty mô hình kiến trúc,7.2,586,42,7.17%,https://mohinhkientruc.org/cong-ty-lam-mo-hinh/,📌 Local Map Pack
12/08/2026,20,công ty sa bàn kiến trúc,8.9,465,32,6.88%,https://mohinhkientruc.org/,🌟 Featured Snippet
12/08/2026,21,làm mô hình,13.4,313,21,6.71%,https://mohinhkientruc.org/lam-mo-hinh-kien-truc/,🖼️ Image Pack
12/08/2026,22,làm sa bàn,14.7,281,18,6.41%,https://mohinhkientruc.org/lam-sa-ban/,🔗 Organic Sitelinks
13/08/2026,1,mô hình quy hoạch,13.3,329,25,7.60%,https://mohinhkientruc.org/danh-muc-du-an/mo-hinh-quy-hoach/,🖼️ Image Pack
13/08/2026,2,mô hình kiến trúc,8.9,634,41,6.47%,https://mohinhkientruc.org/mo-hinh-kien-truc/,🌟 Featured Snippet
13/08/2026,3,mô hình cao tầng,15.5,168,9,5.36%,https://mohinhkientruc.org/sa-ban-cao-tang/,📌 Local Map Pack
13/08/2026,4,mô hình nhà máy,17.6,186,11,5.91%,https://mohinhkientruc.org/mo-hinh-nha-may/,❓ People Also Ask
13/08/2026,5,mô hình thiết bị,23.2,94,3,3.19%,https://mohinhkientruc.org/mo-hinh-3d/,🔗 Organic Sitelinks
13/08/2026,6,mô hình trường học,19.2,117,6,5.13%,https://mohinhkientruc.org/lam-sa-ban-truong-hoc/,🖼️ Image Pack
13/08/2026,7,mô hình bệnh viện,20.3,85,3,3.53%,https://mohinhkientruc.org/mo-hinh-tod-sa-ban/,🌟 Featured Snippet
13/08/2026,8,sa bàn quy hoạch,16.0,277,19,6.86%,https://mohinhkientruc.org/dich-vu-lam-sa-ban-quy-hoach/,🌟 Featured Snippet
13/08/2026,9,sa bàn kiến trúc,11.2,385,24,6.23%,https://mohinhkientruc.org/sa-ban-kien-truc/,📌 Local Map Pack
13/08/2026,10,sa bàn cao tầng,14.5,153,8,5.23%,https://mohinhkientruc.org/sa-ban-cao-tang/,❓ People Also Ask
13/08/2026,11,sa bàn nhà máy,18.2,154,8,5.19%,https://mohinhkientruc.org/thi-cong-sa-ban-nha-may-khu-cong-nghiep/,🖼️ Image Pack
13/08/2026,12,sa bàn thiết bị,22.5,75,2,2.67%,https://mohinhkientruc.org/sa-ban-noi-that/,🔗 Organic Sitelinks
13/08/2026,13,sa bàn trường học,20.2,98,4,4.08%,https://mohinhkientruc.org/lam-sa-ban-truong-hoc/,🖼️ Image Pack
13/08/2026,14,sa bàn bệnh viện,21.3,90,3,3.33%,https://mohinhkientruc.org/du-an-noi-bat/,📌 Local Map Pack
13/08/2026,15,vận chuyển mô hình,19.7,132,7,5.30%,https://mohinhkientruc.org/van-chuyen-sa-ban-kien-truc/,📌 Local Map Pack
13/08/2026,16,vận chuyển sa bàn,20.4,120,6,5.00%,https://mohinhkientruc.org/van-chuyen-sa-ban-kien-truc/,🖼️ Image Pack
13/08/2026,17,sửa chữa mô hình,17.5,155,9,5.81%,https://mohinhkientruc.org/sua-chua-mo-hinh-kien-truc/,❓ People Also Ask
13/08/2026,18,sửa chữa sa bàn,18.3,144,8,5.56%,https://mohinhkientruc.org/sua-chua-mo-hinh-kien-truc/,🌟 Featured Snippet
13/08/2026,19,công ty mô hình kiến trúc,7.4,587,42,7.16%,https://mohinhkientruc.org/cong-ty-lam-mo-hinh/,📌 Local Map Pack
13/08/2026,20,công ty sa bàn kiến trúc,9.1,467,32,6.85%,https://mohinhkientruc.org/,🌟 Featured Snippet
13/08/2026,21,làm mô hình,13.5,316,21,6.65%,https://mohinhkientruc.org/lam-mo-hinh-kien-truc/,🖼️ Image Pack
13/08/2026,22,làm sa bàn,14.8,283,18,6.36%,https://mohinhkientruc.org/lam-sa-ban/,🔗 Organic Sitelinks
14/08/2026,1,mô hình quy hoạch,12.4,338,25,7.40%,https://mohinhkientruc.org/danh-muc-du-an/mo-hinh-quy-hoach/,🖼️ Image Pack
14/08/2026,2,mô hình kiến trúc,8.1,645,42,6.51%,https://mohinhkientruc.org/mo-hinh-kien-truc/,🌟 Featured Snippet
14/08/2026,3,mô hình cao tầng,14.6,174,9,5.17%,https://mohinhkientruc.org/sa-ban-cao-tang/,📌 Local Map Pack
14/08/2026,4,mô hình nhà máy,16.7,192,11,5.73%,https://mohinhkientruc.org/mo-hinh-nha-may/,❓ People Also Ask
14/08/2026,5,mô hình thiết bị,22.4,99,3,3.03%,https://mohinhkientruc.org/mo-hinh-3d/,🔗 Organic Sitelinks
14/08/2026,6,mô hình trường học,18.4,122,6,4.92%,https://mohinhkientruc.org/lam-sa-ban-truong-hoc/,🖼️ Image Pack
14/08/2026,7,mô hình bệnh viện,19.5,89,3,3.37%,https://mohinhkientruc.org/mo-hinh-tod-sa-ban/,🌟 Featured Snippet
14/08/2026,8,sa bàn quy hoạch,15.3,284,20,7.04%,https://mohinhkientruc.org/dich-vu-lam-sa-ban-quy-hoach/,🌟 Featured Snippet
14/08/2026,9,sa bàn kiến trúc,10.4,393,25,6.36%,https://mohinhkientruc.org/sa-ban-kien-truc/,📌 Local Map Pack
14/08/2026,10,sa bàn cao tầng,13.6,158,8,5.06%,https://mohinhkientruc.org/sa-ban-cao-tang/,❓ People Also Ask
14/08/2026,11,sa bàn nhà máy,17.4,159,8,5.03%,https://mohinhkientruc.org/thi-cong-sa-ban-nha-may-khu-cong-nghiep/,🖼️ Image Pack
14/08/2026,12,sa bàn thiết bị,21.6,79,2,2.53%,https://mohinhkientruc.org/sa-ban-noi-that/,🔗 Organic Sitelinks
14/08/2026,13,sa bàn trường học,19.4,102,4,3.92%,https://mohinhkientruc.org/lam-sa-ban-truong-hoc/,🖼️ Image Pack
14/08/2026,14,sa bàn bệnh viện,20.5,94,4,4.26%,https://mohinhkientruc.org/du-an-noi-bat/,📌 Local Map Pack
14/08/2026,15,vận chuyển mô hình,18.9,138,7,5.07%,https://mohinhkientruc.org/van-chuyen-sa-ban-kien-truc/,📌 Local Map Pack
14/08/2026,16,vận chuyển sa bàn,19.5,125,6,4.80%,https://mohinhkientruc.org/van-chuyen-sa-ban-kien-truc/,🖼️ Image Pack
14/08/2026,17,sửa chữa mô hình,16.7,160,9,5.62%,https://mohinhkientruc.org/sua-chua-mo-hinh-kien-truc/,❓ People Also Ask
14/08/2026,18,sửa chữa sa bàn,17.5,149,8,5.37%,https://mohinhkientruc.org/sua-chua-mo-hinh-kien-truc/,🌟 Featured Snippet
14/08/2026,19,công ty mô hình kiến trúc,6.6,597,43,7.20%,https://mohinhkientruc.org/cong-ty-lam-mo-hinh/,📌 Local Map Pack
14/08/2026,20,công ty sa bàn kiến trúc,8.3,476,33,6.93%,https://mohinhkientruc.org/,🌟 Featured Snippet
14/08/2026,21,làm mô hình,12.8,322,21,6.52%,https://mohinhkientruc.org/lam-mo-hinh-kien-truc/,🖼️ Image Pack
14/08/2026,22,làm sa bàn,14.0,290,18,6.21%,https://mohinhkientruc.org/lam-sa-ban/,🔗 Organic Sitelinks
15/08/2026,1,mô hình quy hoạch,12.5,325,24,7.38%,https://mohinhkientruc.org/danh-muc-du-an/mo-hinh-quy-hoach/,🖼️ Image Pack
15/08/2026,2,mô hình kiến trúc,8.3,631,41,6.50%,https://mohinhkientruc.org/mo-hinh-kien-truc/,🌟 Featured Snippet
15/08/2026,3,mô hình cao tầng,14.6,162,8,4.94%,https://mohinhkientruc.org/sa-ban-cao-tang/,📌 Local Map Pack
15/08/2026,4,mô hình nhà máy,16.7,180,10,5.56%,https://mohinhkientruc.org/mo-hinh-nha-may/,❓ People Also Ask
15/08/2026,5,mô hình thiết bị,22.4,87,3,3.45%,https://mohinhkientruc.org/mo-hinh-3d/,🔗 Organic Sitelinks
15/08/2026,6,mô hình trường học,18.4,110,5,4.55%,https://mohinhkientruc.org/lam-sa-ban-truong-hoc/,🖼️ Image Pack
15/08/2026,7,mô hình bệnh viện,19.5,77,3,3.90%,https://mohinhkientruc.org/mo-hinh-tod-sa-ban/,🌟 Featured Snippet
15/08/2026,8,sa bàn quy hoạch,15.4,271,19,7.01%,https://mohinhkientruc.org/dich-vu-lam-sa-ban-quy-hoach/,🌟 Featured Snippet
15/08/2026,9,sa bàn kiến trúc,10.4,381,24,6.30%,https://mohinhkientruc.org/sa-ban-kien-truc/,📌 Local Map Pack
15/08/2026,10,sa bàn cao tầng,13.6,146,7,4.79%,https://mohinhkientruc.org/sa-ban-cao-tang/,❓ People Also Ask
15/08/2026,11,sa bàn nhà máy,17.4,147,8,5.44%,https://mohinhkientruc.org/thi-cong-sa-ban-nha-may-khu-cong-nghiep/,🖼️ Image Pack
15/08/2026,12,sa bàn thiết bị,21.6,67,2,2.99%,https://mohinhkientruc.org/sa-ban-noi-that/,🔗 Organic Sitelinks
15/08/2026,13,sa bàn trường học,19.4,90,4,4.44%,https://mohinhkientruc.org/lam-sa-ban-truong-hoc/,🖼️ Image Pack
15/08/2026,14,sa bàn bệnh viện,20.5,82,3,3.66%,https://mohinhkientruc.org/du-an-noi-bat/,📌 Local Map Pack
15/08/2026,15,vận chuyển mô hình,18.9,126,6,4.76%,https://mohinhkientruc.org/van-chuyen-sa-ban-kien-truc/,📌 Local Map Pack
15/08/2026,16,vận chuyển sa bàn,19.6,113,5,4.42%,https://mohinhkientruc.org/van-chuyen-sa-ban-kien-truc/,🖼️ Image Pack
15/08/2026,17,sửa chữa mô hình,16.8,148,9,6.08%,https://mohinhkientruc.org/sua-chua-mo-hinh-kien-truc/,❓ People Also Ask
15/08/2026,18,sửa chữa sa bàn,17.5,137,8,5.84%,https://mohinhkientruc.org/sua-chua-mo-hinh-kien-truc/,🌟 Featured Snippet
15/08/2026,19,công ty mô hình kiến trúc,6.8,583,42,7.20%,https://mohinhkientruc.org/cong-ty-lam-mo-hinh/,📌 Local Map Pack
15/08/2026,20,công ty sa bàn kiến trúc,8.5,462,32,6.93%,https://mohinhkientruc.org/,🌟 Featured Snippet
15/08/2026,21,làm mô hình,12.9,310,21,6.77%,https://mohinhkientruc.org/lam-mo-hinh-kien-truc/,🖼️ Image Pack
15/08/2026,22,làm sa bàn,14.1,278,17,6.12%,https://mohinhkientruc.org/lam-sa-ban/,🔗 Organic Sitelinks
16/08/2026,1,mô hình quy hoạch,12.5,328,25,7.62%,https://mohinhkientruc.org/danh-muc-du-an/mo-hinh-quy-hoach/,🖼️ Image Pack
16/08/2026,2,mô hình kiến trúc,8.4,633,41,6.48%,https://mohinhkientruc.org/mo-hinh-kien-truc/,🌟 Featured Snippet
16/08/2026,3,mô hình cao tầng,14.6,165,9,5.45%,https://mohinhkientruc.org/sa-ban-cao-tang/,📌 Local Map Pack
16/08/2026,4,mô hình nhà máy,16.6,183,11,6.01%,https://mohinhkientruc.org/mo-hinh-nha-may/,❓ People Also Ask
16/08/2026,5,mô hình thiết bị,22.5,90,3,3.33%,https://mohinhkientruc.org/mo-hinh-3d/,🔗 Organic Sitelinks
16/08/2026,6,mô hình trường học,18.5,112,5,4.46%,https://mohinhkientruc.org/lam-sa-ban-truong-hoc/,🖼️ Image Pack
16/08/2026,7,mô hình bệnh viện,19.6,80,3,3.75%,https://mohinhkientruc.org/mo-hinh-tod-sa-ban/,🌟 Featured Snippet
16/08/2026,8,sa bàn quy hoạch,15.5,274,19,6.93%,https://mohinhkientruc.org/dich-vu-lam-sa-ban-quy-hoach/,🌟 Featured Snippet
16/08/2026,9,sa bàn kiến trúc,10.5,383,24,6.27%,https://mohinhkientruc.org/sa-ban-kien-truc/,📌 Local Map Pack
16/08/2026,10,sa bàn cao tầng,13.6,149,7,4.70%,https://mohinhkientruc.org/sa-ban-cao-tang/,❓ People Also Ask
16/08/2026,11,sa bàn nhà máy,17.5,150,8,5.33%,https://mohinhkientruc.org/thi-cong-sa-ban-nha-may-khu-cong-nghiep/,🖼️ Image Pack
16/08/2026,12,sa bàn thiết bị,21.6,70,2,2.86%,https://mohinhkientruc.org/sa-ban-noi-that/,🔗 Organic Sitelinks
16/08/2026,13,sa bàn trường học,19.5,93,4,4.30%,https://mohinhkientruc.org/lam-sa-ban-truong-hoc/,🖼️ Image Pack
16/08/2026,14,sa bàn bệnh viện,20.6,85,3,3.53%,https://mohinhkientruc.org/du-an-noi-bat/,📌 Local Map Pack
16/08/2026,15,vận chuyển mô hình,19.0,128,7,5.47%,https://mohinhkientruc.org/van-chuyen-sa-ban-kien-truc/,📌 Local Map Pack
16/08/2026,16,vận chuyển sa bàn,19.7,116,5,4.31%,https://mohinhkientruc.org/van-chuyen-sa-ban-kien-truc/,🖼️ Image Pack
16/08/2026,17,sửa chữa mô hình,16.9,150,9,6.00%,https://mohinhkientruc.org/sua-chua-mo-hinh-kien-truc/,❓ People Also Ask
16/08/2026,18,sửa chữa sa bàn,17.6,140,8,5.71%,https://mohinhkientruc.org/sua-chua-mo-hinh-kien-truc/,🌟 Featured Snippet
16/08/2026,19,công ty mô hình kiến trúc,6.9,585,42,7.18%,https://mohinhkientruc.org/cong-ty-lam-mo-hinh/,📌 Local Map Pack
16/08/2026,20,công ty sa bàn kiến trúc,8.6,465,32,6.88%,https://mohinhkientruc.org/,🌟 Featured Snippet
16/08/2026,21,làm mô hình,13.0,312,21,6.73%,https://mohinhkientruc.org/lam-mo-hinh-kien-truc/,🖼️ Image Pack
16/08/2026,22,làm sa bàn,14.3,280,17,6.07%,https://mohinhkientruc.org/lam-sa-ban/,🔗 Organic Sitelinks
17/08/2026,1,mô hình quy hoạch,12.0,334,25,7.49%,https://mohinhkientruc.org/danh-muc-du-an/mo-hinh-quy-hoach/,🖼️ Image Pack
17/08/2026,2,mô hình kiến trúc,8.0,640,42,6.56%,https://mohinhkientruc.org/mo-hinh-kien-truc/,🌟 Featured Snippet
17/08/2026,3,mô hình cao tầng,14.0,170,9,5.29%,https://mohinhkientruc.org/sa-ban-cao-tang/,📌 Local Map Pack
17/08/2026,4,mô hình nhà máy,16.0,189,11,5.82%,https://mohinhkientruc.org/mo-hinh-nha-may/,❓ People Also Ask
17/08/2026,5,mô hình thiết bị,22.0,93,3,3.23%,https://mohinhkientruc.org/mo-hinh-3d/,🔗 Organic Sitelinks
17/08/2026,6,mô hình trường học,18.0,117,6,5.13%,https://mohinhkientruc.org/lam-sa-ban-truong-hoc/,🖼️ Image Pack
17/08/2026,7,mô hình bệnh viện,19.0,84,3,3.57%,https://mohinhkientruc.org/mo-hinh-tod-sa-ban/,🌟 Featured Snippet
17/08/2026,8,sa bàn quy hoạch,15.0,279,19,6.81%,https://mohinhkientruc.org/dich-vu-lam-sa-ban-quy-hoach/,🌟 Featured Snippet
17/08/2026,9,sa bàn kiến trúc,10.0,390,25,6.41%,https://mohinhkientruc.org/sa-ban-kien-truc/,📌 Local Map Pack
17/08/2026,10,sa bàn cao tầng,13.0,154,8,5.19%,https://mohinhkientruc.org/sa-ban-cao-tang/,❓ People Also Ask
17/08/2026,11,sa bàn nhà máy,17.0,154,8,5.19%,https://mohinhkientruc.org/thi-cong-sa-ban-nha-may-khu-cong-nghiep/,🖼️ Image Pack
17/08/2026,12,sa bàn thiết bị,21.0,74,2,2.70%,https://mohinhkientruc.org/sa-ban-noi-that/,🔗 Organic Sitelinks
17/08/2026,13,sa bàn trường học,19.0,97,4,4.12%,https://mohinhkientruc.org/lam-sa-ban-truong-hoc/,🖼️ Image Pack
17/08/2026,14,sa bàn bệnh viện,20.0,89,3,3.37%,https://mohinhkientruc.org/du-an-noi-bat/,📌 Local Map Pack
17/08/2026,15,vận chuyển mô hình,18.5,133,7,5.26%,https://mohinhkientruc.org/van-chuyen-sa-ban-kien-truc/,📌 Local Map Pack
17/08/2026,16,vận chuyển sa bàn,19.2,120,6,5.00%,https://mohinhkientruc.org/van-chuyen-sa-ban-kien-truc/,🖼️ Image Pack
17/08/2026,17,sửa chữa mô hình,16.4,155,9,5.81%,https://mohinhkientruc.org/sua-chua-mo-hinh-kien-truc/,❓ People Also Ask
17/08/2026,18,sửa chữa sa bàn,17.1,145,8,5.52%,https://mohinhkientruc.org/sua-chua-mo-hinh-kien-truc/,🌟 Featured Snippet
17/08/2026,19,công ty mô hình kiến trúc,6.5,592,43,7.26%,https://mohinhkientruc.org/cong-ty-lam-mo-hinh/,📌 Local Map Pack
17/08/2026,20,công ty sa bàn kiến trúc,8.2,471,32,6.79%,https://mohinhkientruc.org/,🌟 Featured Snippet
17/08/2026,21,làm mô hình,12.5,318,21,6.60%,https://mohinhkientruc.org/lam-mo-hinh-kien-truc/,🖼️ Image Pack
17/08/2026,22,làm sa bàn,13.8,285,18,6.32%,https://mohinhkientruc.org/lam-sa-ban/,🔗 Organic Sitelinks
18/08/2026,1,mô hình quy hoạch,9.0,354,27,7.63%,https://mohinhkientruc.org/danh-muc-du-an/mo-hinh-quy-hoach/,🖼️ Image Pack
18/08/2026,2,mô hình kiến trúc,6.5,659,43,6.53%,https://mohinhkientruc.org/mo-hinh-kien-truc/,🌟 Featured Snippet
18/08/2026,3,mô hình cao tầng,11.0,182,10,5.49%,https://mohinhkientruc.org/sa-ban-cao-tang/,📌 Local Map Pack
18/08/2026,4,mô hình nhà máy,12.7,203,12,5.91%,https://mohinhkientruc.org/mo-hinh-nha-may/,❓ People Also Ask
18/08/2026,5,mô hình thiết bị,17.7,105,4,3.81%,https://mohinhkientruc.org/mo-hinh-3d/,🔗 Organic Sitelinks
18/08/2026,6,mô hình trường học,14.3,128,6,4.69%,https://mohinhkientruc.org/lam-sa-ban-truong-hoc/,🖼️ Image Pack
18/08/2026,7,mô hình bệnh viện,15.3,93,3,3.23%,https://mohinhkientruc.org/mo-hinh-tod-sa-ban/,🌟 Featured Snippet
18/08/2026,8,sa bàn quy hoạch,11.3,301,21,6.98%,https://mohinhkientruc.org/dich-vu-lam-sa-ban-quy-hoach/,🌟 Featured Snippet
18/08/2026,9,sa bàn kiến trúc,8.2,404,25,6.19%,https://mohinhkientruc.org/sa-ban-kien-truc/,📌 Local Map Pack
18/08/2026,10,sa bàn cao tầng,10.5,164,8,4.88%,https://mohinhkientruc.org/sa-ban-cao-tang/,❓ People Also Ask
18/08/2026,11,sa bàn nhà máy,13.5,167,9,5.39%,https://mohinhkientruc.org/thi-cong-sa-ban-nha-may-khu-cong-nghiep/,🖼️ Image Pack
18/08/2026,12,sa bàn thiết bị,17.2,83,3,3.61%,https://mohinhkientruc.org/sa-ban-noi-that/,🔗 Organic Sitelinks
18/08/2026,13,sa bàn trường học,15.2,108,5,4.63%,https://mohinhkientruc.org/lam-sa-ban-truong-hoc/,🖼️ Image Pack
18/08/2026,14,sa bàn bệnh viện,16.2,99,4,4.04%,https://mohinhkientruc.org/du-an-noi-bat/,📌 Local Map Pack
18/08/2026,15,vận chuyển mô hình,14.6,146,8,5.48%,https://mohinhkientruc.org/van-chuyen-sa-ban-kien-truc/,📌 Local Map Pack
18/08/2026,16,vận chuyển sa bàn,15.2,133,6,4.51%,https://mohinhkientruc.org/van-chuyen-sa-ban-kien-truc/,🖼️ Image Pack
18/08/2026,17,sửa chữa mô hình,12.7,169,10,5.92%,https://mohinhkientruc.org/sua-chua-mo-hinh-kien-truc/,❓ People Also Ask
18/08/2026,18,sửa chữa sa bàn,13.3,158,9,5.70%,https://mohinhkientruc.org/sua-chua-mo-hinh-kien-truc/,🌟 Featured Snippet
18/08/2026,19,công ty mô hình kiến trúc,5.3,606,44,7.26%,https://mohinhkientruc.org/cong-ty-lam-mo-hinh/,📌 Local Map Pack
18/08/2026,20,công ty sa bàn kiến trúc,6.5,487,33,6.78%,https://mohinhkientruc.org/,🌟 Featured Snippet
18/08/2026,21,làm mô hình,9.7,337,22,6.53%,https://mohinhkientruc.org/lam-mo-hinh-kien-truc/,🖼️ Image Pack
18/08/2026,22,làm sa bàn,10.7,304,19,6.25%,https://mohinhkientruc.org/lam-sa-ban/,🔗 Organic Sitelinks
19/08/2026,1,mô hình quy hoạch,6.0,375,28,7.47%,https://mohinhkientruc.org/danh-muc-du-an/mo-hinh-quy-hoach/,🖼️ Image Pack
19/08/2026,2,mô hình kiến trúc,5.0,677,44,6.50%,https://mohinhkientruc.org/mo-hinh-kien-truc/,🌟 Featured Snippet
19/08/2026,3,mô hình cao tầng,8.0,194,10,5.15%,https://mohinhkientruc.org/sa-ban-cao-tang/,📌 Local Map Pack
19/08/2026,4,mô hình nhà máy,9.3,218,13,5.96%,https://mohinhkientruc.org/mo-hinh-nha-may/,❓ People Also Ask
19/08/2026,5,mô hình thiết bị,13.3,117,4,3.42%,https://mohinhkientruc.org/mo-hinh-3d/,🔗 Organic Sitelinks
19/08/2026,6,mô hình trường học,10.7,139,7,5.04%,https://mohinhkientruc.org/lam-sa-ban-truong-hoc/,🖼️ Image Pack
19/08/2026,7,mô hình bệnh viện,11.7,102,4,3.92%,https://mohinhkientruc.org/mo-hinh-tod-sa-ban/,🌟 Featured Snippet
19/08/2026,8,sa bàn quy hoạch,7.7,322,23,7.14%,https://mohinhkientruc.org/dich-vu-lam-sa-ban-quy-hoach/,🌟 Featured Snippet
19/08/2026,9,sa bàn kiến trúc,6.3,420,26,6.19%,https://mohinhkientruc.org/sa-ban-kien-truc/,📌 Local Map Pack
19/08/2026,10,sa bàn cao tầng,8.0,173,9,5.20%,https://mohinhkientruc.org/sa-ban-cao-tang/,❓ People Also Ask
19/08/2026,11,sa bàn nhà máy,10.0,181,10,5.52%,https://mohinhkientruc.org/thi-cong-sa-ban-nha-may-khu-cong-nghiep/,🖼️ Image Pack
19/08/2026,12,sa bàn thiết bị,13.3,91,3,3.30%,https://mohinhkientruc.org/sa-ban-noi-that/,🔗 Organic Sitelinks
19/08/2026,13,sa bàn trường học,11.3,118,5,4.24%,https://mohinhkientruc.org/lam-sa-ban-truong-hoc/,🖼️ Image Pack
19/08/2026,14,sa bàn bệnh viện,12.3,109,4,3.67%,https://mohinhkientruc.org/du-an-noi-bat/,📌 Local Map Pack
19/08/2026,15,vận chuyển mô hình,10.7,159,8,5.03%,https://mohinhkientruc.org/van-chuyen-sa-ban-kien-truc/,📌 Local Map Pack
19/08/2026,16,vận chuyển sa bàn,11.2,145,7,4.83%,https://mohinhkientruc.org/van-chuyen-sa-ban-kien-truc/,🖼️ Image Pack
19/08/2026,17,sửa chữa mô hình,9.1,182,11,6.04%,https://mohinhkientruc.org/sua-chua-mo-hinh-kien-truc/,❓ People Also Ask
19/08/2026,18,sửa chữa sa bàn,9.6,171,10,5.85%,https://mohinhkientruc.org/sua-chua-mo-hinh-kien-truc/,🌟 Featured Snippet
19/08/2026,19,công ty mô hình kiến trúc,4.0,621,45,7.25%,https://mohinhkientruc.org/cong-ty-lam-mo-hinh/,📌 Local Map Pack
19/08/2026,20,công ty sa bàn kiến trúc,4.9,502,34,6.77%,https://mohinhkientruc.org/,🌟 Featured Snippet
19/08/2026,21,làm mô hình,7.0,355,24,6.76%,https://mohinhkientruc.org/lam-mo-hinh-kien-truc/,🖼️ Image Pack
19/08/2026,22,làm sa bàn,7.7,322,20,6.21%,https://mohinhkientruc.org/lam-sa-ban/,🔗 Organic Sitelinks
20/08/2026,1,mô hình quy hoạch,3.0,380,29,7.63%,https://mohinhkientruc.org/danh-muc-du-an/mo-hinh-quy-hoach/,🖼️ Image Pack
20/08/2026,2,mô hình kiến trúc,3.5,681,44,6.46%,https://mohinhkientruc.org/mo-hinh-kien-truc/,🌟 Featured Snippet
20/08/2026,3,mô hình cao tầng,5.0,191,10,5.24%,https://mohinhkientruc.org/sa-ban-cao-tang/,📌 Local Map Pack
20/08/2026,4,mô hình nhà máy,6.0,218,13,5.96%,https://mohinhkientruc.org/mo-hinh-nha-may/,❓ People Also Ask
20/08/2026,5,mô hình thiết bị,9.0,113,4,3.54%,https://mohinhkientruc.org/mo-hinh-3d/,🔗 Organic Sitelinks
20/08/2026,6,mô hình trường học,7.0,135,7,5.19%,https://mohinhkientruc.org/lam-sa-ban-truong-hoc/,🖼️ Image Pack
20/08/2026,7,mô hình bệnh viện,8.0,96,3,3.12%,https://mohinhkientruc.org/mo-hinh-tod-sa-ban/,🌟 Featured Snippet
20/08/2026,8,sa bàn quy hoạch,4.0,329,23,6.99%,https://mohinhkientruc.org/dich-vu-lam-sa-ban-quy-hoach/,🌟 Featured Snippet
20/08/2026,9,sa bàn kiến trúc,4.5,419,26,6.21%,https://mohinhkientruc.org/sa-ban-kien-truc/,📌 Local Map Pack
20/08/2026,10,sa bàn cao tầng,5.5,168,8,4.76%,https://mohinhkientruc.org/sa-ban-cao-tang/,❓ People Also Ask
20/08/2026,11,sa bàn nhà máy,6.5,179,9,5.03%,https://mohinhkientruc.org/thi-cong-sa-ban-nha-may-khu-cong-nghiep/,🖼️ Image Pack
20/08/2026,12,sa bàn thiết bị,9.5,85,3,3.53%,https://mohinhkientruc.org/sa-ban-noi-that/,🔗 Organic Sitelinks
20/08/2026,13,sa bàn trường học,7.5,113,5,4.42%,https://mohinhkientruc.org/lam-sa-ban-truong-hoc/,🖼️ Image Pack
20/08/2026,14,sa bàn bệnh viện,8.5,104,4,3.85%,https://mohinhkientruc.org/du-an-noi-bat/,📌 Local Map Pack
20/08/2026,15,vận chuyển mô hình,6.8,157,8,5.10%,https://mohinhkientruc.org/van-chuyen-sa-ban-kien-truc/,📌 Local Map Pack
20/08/2026,16,vận chuyển sa bàn,7.2,143,7,4.90%,https://mohinhkientruc.org/van-chuyen-sa-ban-kien-truc/,🖼️ Image Pack
20/08/2026,17,sửa chữa mô hình,5.4,181,11,6.08%,https://mohinhkientruc.org/sua-chua-mo-hinh-kien-truc/,❓ People Also Ask
20/08/2026,18,sửa chữa sa bàn,5.8,170,10,5.88%,https://mohinhkientruc.org/sua-chua-mo-hinh-kien-truc/,🌟 Featured Snippet
20/08/2026,19,công ty mô hình kiến trúc,2.8,621,45,7.25%,https://mohinhkientruc.org/cong-ty-lam-mo-hinh/,📌 Local Map Pack
20/08/2026,20,công ty sa bàn kiến trúc,3.2,503,35,6.96%,https://mohinhkientruc.org/,🌟 Featured Snippet
20/08/2026,21,làm mô hình,4.2,358,24,6.70%,https://mohinhkientruc.org/lam-mo-hinh-kien-truc/,🖼️ Image Pack
20/08/2026,22,làm sa bàn,4.6,326,20,6.13%,https://mohinhkientruc.org/lam-sa-ban/,🔗 Organic Sitelinks
21/08/2026,1,mô hình quy hoạch,6.5,43,3,6.98%,https://mohinhkientruc.org/danh-muc-du-an/mo-hinh-quy-hoach/,🖼️ Image Pack
21/08/2026,2,mô hình kiến trúc,18.5,88,4,4.55%,https://mohinhkientruc.org/mo-hinh-kien-truc/,🌟 Featured Snippet
21/08/2026,3,mô hình cao tầng,5.0,980,54,5.51%,https://mohinhkientruc.org/sa-ban-cao-tang/,📌 Local Map Pack
21/08/2026,4,mô hình nhà máy,6.0,1120,68,6.07%,https://mohinhkientruc.org/mo-hinh-nha-may/,❓ People Also Ask
21/08/2026,5,mô hình thiết bị,9.0,640,25,3.91%,https://mohinhkientruc.org/mo-hinh-3d/,🔗 Organic Sitelinks
21/08/2026,6,mô hình trường học,7.0,720,38,5.28%,https://mohinhkientruc.org/lam-sa-ban-truong-hoc/,🖼️ Image Pack
21/08/2026,7,mô hình bệnh viện,8.0,530,22,4.15%,https://mohinhkientruc.org/mo-hinh-tod-sa-ban/,🌟 Featured Snippet
21/08/2026,8,sa bàn quy hoạch,4.0,1650,118,7.15%,https://mohinhkientruc.org/dich-vu-lam-sa-ban-quy-hoach/,🌟 Featured Snippet
21/08/2026,9,sa bàn kiến trúc,4.5,2100,135,6.43%,https://mohinhkientruc.org/sa-ban-kien-truc/,📌 Local Map Pack
21/08/2026,10,sa bàn cao tầng,5.5,870,46,5.29%,https://mohinhkientruc.org/sa-ban-cao-tang/,❓ People Also Ask
21/08/2026,11,sa bàn nhà máy,6.5,940,52,5.53%,https://mohinhkientruc.org/thi-cong-sa-ban-nha-may-khu-cong-nghiep/,🖼️ Image Pack
21/08/2026,12,sa bàn thiết bị,9.5,480,18,3.75%,https://mohinhkientruc.org/sa-ban-noi-that/,🔗 Organic Sitelinks
21/08/2026,13,sa bàn trường học,8.5,2,1,50.00%,https://mohinhkientruc.org/lam-sa-ban-truong-hoc/,🖼️ Image Pack
21/08/2026,14,sa bàn bệnh viện,8.5,590,26,4.41%,https://mohinhkientruc.org/du-an-noi-bat/,📌 Local Map Pack
21/08/2026,15,vận chuyển mô hình,6.8,820,45,5.49%,https://mohinhkientruc.org/van-chuyen-sa-ban-kien-truc/,📌 Local Map Pack
21/08/2026,16,vận chuyển sa bàn,7.2,760,38,5.00%,https://mohinhkientruc.org/van-chuyen-sa-ban-kien-truc/,🖼️ Image Pack
21/08/2026,17,sửa chữa mô hình,5.4,930,58,6.24%,https://mohinhkientruc.org/sua-chua-mo-hinh-kien-truc/,❓ People Also Ask
21/08/2026,18,sửa chữa sa bàn,5.8,880,52,5.91%,https://mohinhkientruc.org/sua-chua-mo-hinh-kien-truc/,🌟 Featured Snippet
21/08/2026,19,công ty mô hình kiến trúc,45.0,24,0,0.00%,https://mohinhkientruc.org/cong-ty-lam-mo-hinh/,📌 Local Map Pack
21/08/2026,20,công ty sa bàn kiến trúc,3.2,2410,168,6.97%,https://mohinhkientruc.org/,🌟 Featured Snippet
21/08/2026,21,làm mô hình,4.2,1780,121,6.80%,https://mohinhkientruc.org/lam-mo-hinh-kien-truc/,🖼️ Image Pack
21/08/2026,22,làm sa bàn,4.6,1620,104,6.42%,https://mohinhkientruc.org/lam-sa-ban/,🔗 Organic Sitelinks
23/08/2026,1,mô hình quy hoạch,6.8,46,3,6.52%,https://mohinhkientruc.org/danh-muc-du-an/mo-hinh-quy-hoach/,🖼️ Image Pack
23/08/2026,2,mô hình kiến trúc,18.3,108,4,3.70%,https://mohinhkientruc.org/mo-hinh-kien-truc/,🌟 Featured Snippet
23/08/2026,3,mô hình cao tầng,5.0,980,54,5.51%,https://mohinhkientruc.org/sa-ban-cao-tang/,📌 Local Map Pack
23/08/2026,4,mô hình nhà máy,6.0,1120,68,6.07%,https://mohinhkientruc.org/mo-hinh-nha-may/,❓ People Also Ask
23/08/2026,5,mô hình thiết bị,9.0,640,25,3.91%,https://mohinhkientruc.org/mo-hinh-3d/,🔗 Organic Sitelinks
23/08/2026,6,mô hình trường học,7.0,720,38,5.28%,https://mohinhkientruc.org/lam-sa-ban-truong-hoc/,🖼️ Image Pack
23/08/2026,7,mô hình bệnh viện,8.0,530,22,4.15%,https://mohinhkientruc.org/mo-hinh-tod-sa-ban/,🌟 Featured Snippet
23/08/2026,8,sa bàn quy hoạch,4.0,1650,118,7.15%,https://mohinhkientruc.org/dich-vu-lam-sa-ban-quy-hoach/,🌟 Featured Snippet
23/08/2026,9,sa bàn kiến trúc,4.5,2100,135,6.43%,https://mohinhkientruc.org/sa-ban-kien-truc/,📌 Local Map Pack
23/08/2026,10,sa bàn cao tầng,5.5,870,46,5.29%,https://mohinhkientruc.org/sa-ban-cao-tang/,❓ People Also Ask
23/08/2026,11,sa bàn nhà máy,3.2,6,1,16.67%,https://mohinhkientruc.org/thi-cong-sa-ban-nha-may-khu-cong-nghiep/,🖼️ Image Pack
23/08/2026,12,sa bàn thiết bị,9.5,480,18,3.75%,https://mohinhkientruc.org/sa-ban-noi-that/,🔗 Organic Sitelinks
23/08/2026,13,sa bàn trường học,8.5,2,1,50.00%,https://mohinhkientruc.org/lam-sa-ban-truong-hoc/,🖼️ Image Pack
23/08/2026,14,sa bàn bệnh viện,8.5,590,26,4.41%,https://mohinhkientruc.org/du-an-noi-bat/,📌 Local Map Pack
23/08/2026,15,vận chuyển mô hình,6.8,820,45,5.49%,https://mohinhkientruc.org/van-chuyen-sa-ban-kien-truc/,📌 Local Map Pack
23/08/2026,16,vận chuyển sa bàn,7.2,760,38,5.00%,https://mohinhkientruc.org/van-chuyen-sa-ban-kien-truc/,🖼️ Image Pack
23/08/2026,17,sửa chữa mô hình,5.4,930,58,6.24%,https://mohinhkientruc.org/sua-chua-mo-hinh-kien-truc/,❓ People Also Ask
23/08/2026,18,sửa chữa sa bàn,5.8,880,52,5.91%,https://mohinhkientruc.org/sua-chua-mo-hinh-kien-truc/,🌟 Featured Snippet
23/08/2026,19,công ty mô hình kiến trúc,43.6,25,0,0.00%,https://mohinhkientruc.org/cong-ty-lam-mo-hinh/,📌 Local Map Pack
23/08/2026,20,công ty sa bàn kiến trúc,3.2,2410,168,6.97%,https://mohinhkientruc.org/,🌟 Featured Snippet
23/08/2026,21,làm mô hình,4.2,1780,121,6.80%,https://mohinhkientruc.org/lam-mo-hinh-kien-truc/,🖼️ Image Pack
23/08/2026,22,làm sa bàn,4.6,1620,104,6.42%,https://mohinhkientruc.org/lam-sa-ban/,🔗 Organic Sitelinks
24/08/2026,1,mô hình quy hoạch,6.8,46,3,6.52%,https://mohinhkientruc.org/danh-muc-du-an/mo-hinh-quy-hoach/,🖼️ Image Pack
24/08/2026,2,mô hình kiến trúc,17.4,116,4,3.45%,https://mohinhkientruc.org/mo-hinh-kien-truc/,🌟 Featured Snippet
24/08/2026,3,mô hình cao tầng,5.0,980,54,5.51%,https://mohinhkientruc.org/sa-ban-cao-tang/,📌 Local Map Pack
24/08/2026,4,mô hình nhà máy,6.0,1120,68,6.07%,https://mohinhkientruc.org/mo-hinh-nha-may/,❓ People Also Ask
24/08/2026,5,mô hình thiết bị,9.0,640,25,3.91%,https://mohinhkientruc.org/mo-hinh-3d/,🔗 Organic Sitelinks
24/08/2026,6,mô hình trường học,7.0,720,38,5.28%,https://mohinhkientruc.org/lam-sa-ban-truong-hoc/,🖼️ Image Pack
24/08/2026,7,mô hình bệnh viện,8.0,530,22,4.15%,https://mohinhkientruc.org/mo-hinh-tod-sa-ban/,🌟 Featured Snippet
24/08/2026,8,sa bàn quy hoạch,4.0,1650,118,7.15%,https://mohinhkientruc.org/dich-vu-lam-sa-ban-quy-hoach/,🌟 Featured Snippet
24/08/2026,9,sa bàn kiến trúc,4.5,2100,135,6.43%,https://mohinhkientruc.org/sa-ban-kien-truc/,📌 Local Map Pack
24/08/2026,10,sa bàn cao tầng,5.5,870,46,5.29%,https://mohinhkientruc.org/sa-ban-cao-tang/,❓ People Also Ask
24/08/2026,11,sa bàn nhà máy,2.6,8,1,12.50%,https://mohinhkientruc.org/thi-cong-sa-ban-nha-may-khu-cong-nghiep/,🖼️ Image Pack
24/08/2026,12,sa bàn thiết bị,9.5,480,18,3.75%,https://mohinhkientruc.org/sa-ban-noi-that/,🔗 Organic Sitelinks
24/08/2026,13,sa bàn trường học,8.5,2,1,50.00%,https://mohinhkientruc.org/lam-sa-ban-truong-hoc/,🖼️ Image Pack
24/08/2026,14,sa bàn bệnh viện,8.5,590,26,4.41%,https://mohinhkientruc.org/du-an-noi-bat/,📌 Local Map Pack
24/08/2026,15,vận chuyển mô hình,6.8,820,45,5.49%,https://mohinhkientruc.org/van-chuyen-sa-ban-kien-truc/,📌 Local Map Pack
24/08/2026,16,vận chuyển sa bàn,7.2,760,38,5.00%,https://mohinhkientruc.org/van-chuyen-sa-ban-kien-truc/,🖼️ Image Pack
24/08/2026,17,sửa chữa mô hình,5.4,930,58,6.24%,https://mohinhkientruc.org/sua-chua-mo-hinh-kien-truc/,❓ People Also Ask
24/08/2026,18,sửa chữa sa bàn,5.8,880,52,5.91%,https://mohinhkientruc.org/sua-chua-mo-hinh-kien-truc/,🌟 Featured Snippet
24/08/2026,19,công ty mô hình kiến trúc,42.2,26,0,0.00%,https://mohinhkientruc.org/cong-ty-lam-mo-hinh/,📌 Local Map Pack
24/08/2026,20,công ty sa bàn kiến trúc,3.2,2410,168,6.97%,https://mohinhkientruc.org/,🌟 Featured Snippet
24/08/2026,21,làm mô hình,4.2,1780,121,6.80%,https://mohinhkientruc.org/lam-mo-hinh-kien-truc/,🖼️ Image Pack
24/08/2026,22,làm sa bàn,4.6,1620,104,6.42%,https://mohinhkientruc.org/lam-sa-ban/,🔗 Organic Sitelinks
